YEAR,ORG_CODE,SIMPLE_CONSULTANTS_FTE
2009,50,3.2
2009,5A3,2.2
2009,5A4,9
2009,5A5,4
2009,5A7,9.9
2009,5A8,1
2009,5A9,0.68182
2009,5AT,3
2009,5C1,5.54545
2009,5C2,1.8
2009,5C3,7.09091
2009,5C4,6.1
2009,5C5,7.1
2009,5C9,5.65
2009,5CN,14.9
2009,5CQ,27.65455
2009,5D7,16.27727
2009,5D8,1
2009,5EF,0.4
2009,5EM,6.75
2009,5ET,0.4
2009,5F1,29.275
2009,5F5,5.75
2009,5F7,4.675
2009,5FE,24.55
2009,5FL,8.29091
2009,5GC,5.36364
2009,5H1,2.5
2009,5H8,4.0039
2009,5HG,2.417
2009,5HP,5
2009,5HQ,22.35
2009,5HX,8.57273
2009,5HY,4.6
2009,5J2,6.5
2009,5J4,1
2009,5J5,4.31966
2009,5J6,2.8
2009,5J9,2.49091
2009,5JE,19.31818
2009,5JX,2.45307
2009,5K3,2
2009,5K5,7.2
2009,5K6,5.5
2009,5K7,17.65
2009,5K8,14.05
2009,5K9,10.6
2009,5KF,5.916
2009,5KL,2.8
2009,5KM,1
2009,5L1,24.4
2009,5L3,4.1
2009,5LA,4.8
2009,5LC,4.2
2009,5LD,15
2009,5LE,9.10273
2009,5LF,6.4
2009,5LG,7.28455
2009,5LH,3.4
2009,5LQ,3
2009,5M1,42.05
2009,5M2,1
2009,5M3,11.4
2009,5M6,3.6
2009,5M7,4.8
2009,5MD,8.9
2009,5MK,12.75
2009,5MV,27.20458
2009,5MX,13.5
2009,5N1,29.975
2009,5N2,4.55833
2009,5N3,11.42667
2009,5N4,6.25
2009,5N5,3.57273
2009,5N6,4.07727
2009,5N7,8.946
2009,5N8,7.34545
2009,5N9,3.6026
2009,5NA,2.79946
2009,5NC,1
2009,5ND,2.7
2009,5NE,9.3
2009,5NF,3.6
2009,5NG,9.7461
2009,5NH,8.66916
2009,5NJ,6.2
2009,5NK,3.11364
2009,5NL,9.58364
2009,5NM,7.75
2009,5NN,5.5
2009,5NP,5.38182
2009,5NR,2.8
2009,5NT,14.613
2009,5NV,47.069
2009,5NW,2.469
2009,5NX,5.6
2009,5NY,4.44545
2009,5P1,1
2009,5P2,4
2009,5P3,13.87727
2009,5P4,1
2009,5P5,29.06045
2009,5P6,10.38042
2009,5P7,1
2009,5P8,2
2009,5P9,5.002
2009,5PA,4.05
2009,5PC,10.7
2009,5PD,14.1
2009,5PE,4
2009,5PF,7.39091
2009,5PG,6.8
2009,5PH,2
2009,5PJ,12.025
2009,5PK,2.6
2009,5PL,20.38636
2009,5PM,4.98182
2009,5PN,5.55
2009,5PP,24.57727
2009,5PQ,14.7
2009,5PR,2
2009,5PT,15.8
2009,5PV,1
2009,5PW,11
2009,5PX,6.7
2009,5PY,13.3
2009,5QA,5.92091
2009,5QC,15.46104
2009,5QD,8.14709
2009,5QE,4.3027
2009,5QF,6.5
2009,5QG,7.683
2009,5QH,7.225
2009,5QJ,4.63484
2009,5QK,0.8
2009,5QL,2.8
2009,5QM,13.365
2009,5QN,1.20779
2009,5QP,0.8
2009,5QQ,3.27974
2009,5QR,1
2009,5QT,79.62272
2009,AHO,4.7
2009,Q30,1
2009,Q31,1
2009,Q32,3.85
2009,Q33,20.35
2009,Q34,6.38572
2009,Q35,15.37275
2009,Q36,6.6
2009,Q38,6.85637
2009,Q39,2.6
2009,RA2,140.87451
2009,RA3,74.45
2009,RA4,63.05
2009,RA7,281.07672
2009,RA9,152.965
2009,RAE,226
2009,RAJ,135.66136
2009,RAL,270.6568
2009,RAN,60.82727
2009,RAP,95.34544
2009,RAS,105.29091
2009,RAT,67.19091
2009,RAX,124.98999
2009,RBA,159.575
2009,RBB,7.7
2009,RBD,110.26753
2009,RBF,35.35409
2009,RBK,98.45
2009,RBL,165.65
2009,RBN,145.46364
2009,RBQ,47.88182
2009,RBS,137.15318
2009,RBT,90.71363
2009,RBV,82.37273
2009,RBZ,72
2009,RC1,90.14545
2009,RC3,82.16555
2009,RC9,140.61636
2009,RCB,176.40909
2009,RCC,61.85
2009,RCD,88.9
2009,RCF,80.39091
2009,RCU,90.26545
2009,RCX,111.9
2009,RD1,164.82317
2009,RD3,134.90632
2009,RD7,131.24316
2009,RD8,98.75
2009,RDD,148.26362
2009,RDE,130.36091
2009,RDR,14.975
2009,RDU,136.19543
2009,RDY,38.13091
2009,RDZ,144.54318
2009,RE9,52.9
2009,REF,199.75
2009,REM,175.68409
2009,REN,30
2009,REP,41.66591
2009,RET,50.95909
2009,RF4,230.72724
2009,RFF,92.175
2009,RFR,111
2009,RFS,137.271
2009,RFW,86.10908
2009,RGC,120.34544
2009,RGD,51.5
2009,RGM,64.27
2009,RGN,154.55681
2009,RGP,103.43275
2009,RGQ,154.04999
2009,RGR,116.19727
2009,RGT,340.22436
2009,RH5,33.8
2009,RH8,236.875
2009,RHA,102.10227
2009,RHM,366.48182
2009,RHQ,470.05909
2009,RHU,299.98409
2009,RHW,189.4318
2009,RHX,13.2
2009,RJ1,507.00907
2009,RJ2,103.17273
2009,RJ6,118.27727
2009,RJ7,303.88695
2009,RJ8,27.45
2009,RJC,91.13635
2009,RJD,97.97545
2009,RJE,250.06659
2009,RJF,93.84545
2009,RJL,143.99039
2009,RJN,67.04545
2009,RJR,117.83181
2009,RJX,7.55
2009,RJZ,357.1648
2009,RK5,120.569
2009,RK9,287.45909
2009,RKB,283.40345
2009,RKE,110.49543
2009,RKL,108.16364
2009,RL1,55.4
2009,RL4,188.1909
2009,RLN,212.06345
2009,RLQ,85.2
2009,RLT,53.47091
2009,RLU,43.48
2009,RLY,33.95454
2009,RM1,285.06364
2009,RM2,204.35913
2009,RM3,244.41994
2009,RM4,53.9
2009,RMC,122.57045
2009,RMP,90.475
2009,RMY,62.69545
2009,RN1,113.61136
2009,RN3,125.60908
2009,RN5,101.775
2009,RN7,74.34545
2009,RNA,149.38409
2009,RNH,69.80909
2009,RNJ,319.20907
2009,RNK,18.03582
2009,RNL,145.725
2009,RNN,20.5
2009,RNQ,108.80791
2009,RNS,165.9205
2009,RNU,80.95455
2009,RNZ,135.43863
2009,RP1,45.7
2009,RP4,222.50363
2009,RP5,184.57909
2009,RP6,80.058
2009,RP7,38.96391
2009,RPA,139.63181
2009,RPC,50.43068
2009,RPG,59.44545
2009,RPY,97.16818
2009,RQ3,146.292
2009,RQ6,225.96136
2009,RQ8,157.94544
2009,RQM,177.65417
2009,RQQ,62.351
2009,RQW,104.03935
2009,RQX,15.50909
2009,RQY,82.52045
2009,RR1,330.33908
2009,RR7,114.085
2009,RR8,589.7036
2009,RRD,44.38864
2009,RRE,56.80409
2009,RRF,156.14691
2009,RRJ,55.95137
2009,RRK,301.37727
2009,RRP,86.45454
2009,RRV,338.04544
2009,RT1,59.23182
2009,RT2,63.23636
2009,RT3,135.87727
2009,RT5,80.36705
2009,RT6,36.769
2009,RTD,506.89
2009,RTE,297.14245
2009,RTF,193.40363
2009,RTG,253.24118
2009,RTH,408.09682
2009,RTK,146.2159
2009,RTP,126.64199
2009,RTQ,44.1
2009,RTR,323.76508
2009,RTV,45.35
2009,RTX,153.28182
2009,RV3,121.06576
2009,RV5,148.50253
2009,RV7,33.4
2009,RV8,209.32041
2009,RV9,31.525
2009,RVJ,282.10909
2009,RVL,204.51135
2009,RVN,101.04545
2009,RVR,197.24089
2009,RVV,289.25395
2009,RVW,145.35227
2009,RVY,87.68181
2009,RW1,85.35
2009,RW3,401.18863
2009,RW4,59.8
2009,RW5,81.89764
2009,RW6,361.09004
2009,RWA,306.12363
2009,RWD,249.95091
2009,RWE,494.90063
2009,RWF,186.69557
2009,RWG,164.17498
2009,RWH,202.41499
2009,RWJ,142.15227
2009,RWK,111.18636
2009,RWN,42.3
2009,RWP,214.91815
2009,RWQ,30.39545
2009,RWR,78.41818
2009,RWV,55.821
2009,RWW,115.94431
2009,RWX,51.2
2009,RWY,183.8889
2009,RX1,485.59091
2009,RX2,93.03468
2009,RX3,111.55
2009,RX4,144.69567
2009,RXA,67.00345
2009,RXC,170.85818
2009,RXE,40.27273
2009,RXF,266.89999
2009,RXG,50.7
2009,RXH,301.20236
2009,RXK,249.10681
2009,RXL,131.45909
2009,RXM,54.7
2009,RXN,235.34773
2009,RXP,208.61136
2009,RXQ,188.40099
2009,RXR,204.4875
2009,RXT,99.74182
2009,RXV,65.90027
2009,RXW,164.11363
2009,RXX,80.03635
2009,RXY,87.08363
2009,RYG,59.483
2009,RYH,0.96364
2009,RYJ,470.92769
2009,RYK,30.52727
2009,RYQ,282.03907
2009,RYR,210.63863
2009,T1160,5.4
2009,T1310,208.46078
2009,T1460,39.8
2009,TAC,6.8
2009,TAD,27.904
2009,TAE,2.5
2009,TAF,35.28409
2009,TAH,39
2009,TAJ,19.6
2009,TAK,1
2009,TAL,1.6
2009,TAM,5.19091
2009,TAN,9.68182
2010,50,4.1
2010,5A3,2.5
2010,5A4,9.75
2010,5A5,1.9
2010,5A7,8.9
2010,5A8,5.8
2010,5A9,1.58182
2010,5AT,5.6
2010,5C1,3.54545
2010,5C2,1.6
2010,5C3,8.59091
2010,5C4,6
2010,5C5,2.8
2010,5C9,6.25
2010,5CN,15.5
2010,5CQ,32.45
2010,5D7,3.9
2010,5D8,11.47727
2010,5EF,1.4
2010,5EM,6.75
2010,5ET,0.4
2010,5F1,30.95
2010,5F5,6.342
2010,5F7,4.375
2010,5FE,2
2010,5FL,7.29091
2010,5GC,6.46364
2010,5H1,1
2010,5H8,4.8039
2010,5HG,2.417
2010,5HP,5
2010,5HQ,20.73
2010,5HX,9.2
2010,5J2,7.7
2010,5J5,3.98182
2010,5J6,2.8
2010,5J9,1.79091
2010,5JE,16.31818
2010,5JX,1
2010,5K3,4
2010,5K5,7.8
2010,5K6,5.6
2010,5K7,17.82727
2010,5K8,11.95
2010,5K9,3.7
2010,5KF,5.266
2010,5KL,4
2010,5KM,1
2010,5L1,50.75
2010,5L3,4.1
2010,5LA,2.9
2010,5LC,6.2
2010,5LD,14.4
2010,5LE,7.3
2010,5LF,7
2010,5LG,5.72091
2010,5LH,3.6
2010,5LQ,3.5
2010,5M1,44.75
2010,5M2,1.8
2010,5M3,10.312
2010,5M6,7.2
2010,5M7,3.8
2010,5MD,10.3
2010,5MK,12.75
2010,5MV,26.95455
2010,5MX,14.65
2010,5N1,30.025
2010,5N2,2.725
2010,5N3,13.7
2010,5N4,4.4
2010,5N5,3.3
2010,5N6,4.30455
2010,5N7,8.296
2010,5N8,8.49545
2010,5N9,7.17792
2010,5NA,2.7992
2010,5NC,1
2010,5ND,4
2010,5NE,10.1
2010,5NF,5.6
2010,5NG,10.5461
2010,5NH,7.16234
2010,5NJ,4
2010,5NK,2.39564
2010,5NL,9.78364
2010,5NM,6.75
2010,5NN,3.5
2010,5NP,6.08182
2010,5NR,1.9
2010,5NT,16.213
2010,5NV,49.4367
2010,5NW,2.373
2010,5NX,0.6
2010,5NY,3.04545
2010,5P1,2
2010,5P2,4.4
2010,5P5,25.00273
2010,5P6,10.97782
2010,5P7,1
2010,5P8,2
2010,5P9,9.402
2010,5PA,5
2010,5PC,10.85
2010,5PD,15.86667
2010,5PE,4.2
2010,5PF,6.69091
2010,5PG,6.8
2010,5PH,1
2010,5PJ,13.025
2010,5PK,2.6
2010,5PL,19.78636
2010,5PM,7.87273
2010,5PN,7.35
2010,5PP,7.55
2010,5PQ,12.213
2010,5PR,3
2010,5PT,15.85
2010,5PV,0.9
2010,5PW,4.2
2010,5PX,3.9
2010,5PY,8.5
2010,5QA,6.3829
2010,5QC,17.52922
2010,5QD,3.338
2010,5QE,5.3027
2010,5QF,8.3
2010,5QG,6.2
2010,5QH,3
2010,5QJ,5.63484
2010,5QL,3.4
2010,5QM,13.365
2010,5QN,1.2
2010,5QP,1.8
2010,5QQ,2.71608
2010,5QR,1
2010,5QT,82.58636
2010,5QV,17.27727
2010,AHO,4.9
2010,NNF,6
2010,NNV,2.6
2010,Q31,1
2010,Q32,5.25
2010,Q33,18.77667
2010,Q34,6.88572
2010,Q35,15.92503
2010,Q36,5.9
2010,Q38,5.20637
2010,Q39,2.6
2010,RA2,147.70351
2010,RA3,76.5
2010,RA4,69.425
2010,RA7,300.01145
2010,RA9,156.22
2010,RAE,237.415
2010,RAJ,139.96136
2010,RAL,284.56698
2010,RAN,67.82727
2010,RAP,103.46362
2010,RAS,114.34091
2010,RAT,56.29091
2010,RAX,130.18408
2010,RBA,179.375
2010,RBB,5.6
2010,RBD,103.86299
2010,RBF,35.55409
2010,RBK,98.85
2010,RBL,173.58409
2010,RBN,153.78182
2010,RBQ,55.88182
2010,RBS,146.58018
2010,RBT,96.55454
2010,RBV,85.19091
2010,RBZ,77.6363
2010,RC1,99.84545
2010,RC3,82.31555
2010,RC9,153.00272
2010,RCB,191.95909
2010,RCC,64.45
2010,RCD,92.3
2010,RCF,87.77841
2010,RCU,102.75295
2010,RCX,117.1575
2010,RD1,164.0429
2010,RD3,140.87159
2010,RD7,130.79771
2010,RD8,99.45
2010,RDD,156.84544
2010,RDE,136.72909
2010,RDR,16.6
2010,RDU,147.09998
2010,RDY,38.18091
2010,RDZ,146.39318
2010,RE9,57.55
2010,REF,226.024
2010,REM,189.153
2010,REN,37.9
2010,REP,46.86591
2010,RET,54.15
2010,RF4,248.03361
2010,RFF,89.475
2010,RFR,122.932
2010,RFS,131.512
2010,RFW,94.03408
2010,RGC,133.25453
2010,RGD,53.55
2010,RGM,70.32
2010,RGN,161.32727
2010,RGP,102.12474
2010,RGQ,156.33999
2010,RGR,118.48727
2010,RGT,363.97672
2010,RH5,31.85
2010,RH8,244.38568
2010,RHA,104.03408
2010,RHM,395.05682
2010,RHQ,485.24999
2010,RHU,300.28309
2010,RHW,205.60908
2010,RHX,12.75
2010,RJ1,523.32725
2010,RJ2,106.73637
2010,RJ6,121.50227
2010,RJ7,335.20059
2010,RJ8,28.45
2010,RJC,95.77726
2010,RJD,94.74091
2010,RJE,266.07909
2010,RJF,103.49545
2010,RJL,149.1813
2010,RJN,69.04545
2010,RJR,115.83181
2010,RJX,7.65
2010,RJZ,370.77923
2010,RK5,131.419
2010,RK9,288.88409
2010,RKB,304.39945
2010,RKE,121.11362
2010,RKL,106.48864
2010,RL1,62.4
2010,RL4,198.02273
2010,RLN,222.26818
2010,RLQ,85.375
2010,RLT,57.77273
2010,RLU,47.78
2010,RLY,30.47727
2010,RM1,310.32728
2010,RM2,218.94413
2010,RM3,269.18113
2010,RM4,52.6
2010,RMC,131.79545
2010,RMP,95.625
2010,RMY,64.05
2010,RN1,118.42545
2010,RN3,135.99317
2010,RN5,106.425
2010,RN7,75.22727
2010,RNA,155.725
2010,RNH,83.1
2010,RNJ,334.05906
2010,RNK,20.91082
2010,RNL,147.25
2010,RNN,26.3
2010,RNQ,109.07841
2010,RNS,179.8955
2010,RNU,94.20455
2010,RNZ,142.11363
2010,RP1,41.81818
2010,RP4,224.52271
2010,RP5,190.95
2010,RP6,96.37
2010,RP7,42.28182
2010,RPA,147.96363
2010,RPC,52.1763
2010,RPG,59.8
2010,RPY,109.15909
2010,RQ3,154.667
2010,RQ6,240.31818
2010,RQ8,166.63835
2010,RQM,180.21527
2010,RQQ,63.998
2010,RQW,114.53708
2010,RQX,100.51818
2010,RQY,76.72272
2010,RR1,344.32863
2010,RR7,114.985
2010,RR8,599.69225
2010,RRD,45.56364
2010,RRE,54.80409
2010,RRF,160.15941
2010,RRJ,53.70364
2010,RRK,313.96818
2010,RRP,81.16363
2010,RRV,350.96135
2010,RT1,65.25
2010,RT2,68.43636
2010,RT3,147.15909
2010,RT5,80.01705
2010,RT6,36.45
2010,RTD,524.36
2010,RTE,309.05745
2010,RTF,199.37363
2010,RTG,273.34209
2010,RTH,422.80182
2010,RTK,146.74771
2010,RTP,131.48517
2010,RTQ,43.0375
2010,RTR,349.15932
2010,RTV,45.8
2010,RTX,162.01932
2010,RV3,124.58954
2010,RV5,156.34799
2010,RV8,224.00678
2010,RV9,33.425
2010,RVJ,287.03409
2010,RVL,211.20908
2010,RVN,102.225
2010,RVR,207.07567
2010,RVV,316.62213
2010,RVW,158.42727
2010,RVY,91.48181
2010,RW1,87.975
2010,RW3,421.85454
2010,RW4,63.55
2010,RW5,85.00564
2010,RW6,368.82954
2010,RWA,322.74636
2010,RWD,261.24636
2010,RWE,496.24608
2010,RWF,203.05098
2010,RWG,164.3568
2010,RWH,213.00045
2010,RWJ,149.20227
2010,RWK,117.63636
2010,RWN,78.97273
2010,RWP,228.75679
2010,RWQ,31.35909
2010,RWR,84.93636
2010,RWV,59.171
2010,RWW,118.58181
2010,RWX,53.3
2010,RWY,186.6389
2010,RX1,511.1441
2010,RX2,96.89568
2010,RX3,115.35
2010,RX4,147.92067
2010,RX8,0.1875
2010,RXA,71.38527
2010,RXC,184.90454
2010,RXE,38.76364
2010,RXF,287.89772
2010,RXG,51.4
2010,RXH,327.72218
2010,RXK,254.43636
2010,RXL,141.95909
2010,RXM,62.9
2010,RXN,246.98409
2010,RXP,229.47045
2010,RXQ,199.1749
2010,RXR,208.4625
2010,RXT,54.54182
2010,RXV,66.25027
2010,RXW,171.48763
2010,RXX,88.75
2010,RXY,93.31545
2010,RYG,61.383
2010,RYH,1.46364
2010,RYJ,489.12722
2010,RYK,31.52727
2010,RYQ,276.77771
2010,RYR,231.07045
2010,RYV,15.17727
2010,T1160,6.8
2010,T1310,207.47378
2010,T1460,36.35
2010,TAC,6.4
2010,TAD,33.963
2010,TAE,37.15
2010,TAF,37.20909
2010,TAH,42.1
2010,TAJ,19.6
2010,TAL,1.6
2010,TAM,6.89091
2010,TAN,8.59091
2011,50,4.4
2011,5A3,1.9
2011,5A4,9.75
2011,5A7,13.4
2011,5A8,1.7
2011,5A9,1.58182
2011,5AT,5
2011,5C1,1
2011,5C2,1.6
2011,5C3,4
2011,5C9,1.5
2011,5CN,4.8
2011,5CQ,31.95
2011,5D7,3.9
2011,5D8,11.77727
2011,5EF,0.6
2011,5EM,3.55
2011,5ET,0.6
2011,5F1,28.7
2011,5F5,0.6
2011,5F7,3.75
2011,5FE,2
2011,5FL,7.39091
2011,5GC,6.46364
2011,5H1,1.45455
2011,5H8,3.2039
2011,5HG,1.45
2011,5HP,5
2011,5HQ,20.2
2011,5HX,3
2011,5J2,3
2011,5J4,2
2011,5J5,4
2011,5J6,3
2011,5JE,15.3
2011,5JX,1
2011,5K3,1
2011,5K5,3.3
2011,5K7,18.55
2011,5K9,1
2011,5KF,6.366
2011,5KL,3.3
2011,5L1,47.15
2011,5L3,4.1
2011,5LA,2
2011,5LC,5.9
2011,5LD,2.8
2011,5LE,1.9
2011,5LF,3
2011,5LG,12.6
2011,5LH,3.6
2011,5LQ,2.4
2011,5M1,1
2011,5M2,1
2011,5M3,7.512
2011,5M6,4.6575
2011,5M7,0.9
2011,5MD,10.5
2011,5MK,11.7
2011,5MV,17.65455
2011,5MX,6
2011,5N1,34.25
2011,5N2,2.625
2011,5N3,7.149
2011,5N4,2.9
2011,5N5,3
2011,5N6,3
2011,5N7,1
2011,5N8,4.19545
2011,5N9,5.61169
2011,5NA,3.5
2011,5NC,1
2011,5ND,4
2011,5NE,4.8
2011,5NF,4.1
2011,5NG,10.75065
2011,5NH,5.88961
2011,5NJ,2.4
2011,5NK,2
2011,5NL,3.5
2011,5NM,8
2011,5NN,3.454
2011,5NP,7.33636
2011,5NR,1.8
2011,5NT,3.23
2011,5NV,48.544
2011,5NW,1
2011,5NX,0.6
2011,5NY,3.04545
2011,5P1,2.12267
2011,5P2,5.4
2011,5P5,24.91973
2011,5P6,3
2011,5P8,1
2011,5P9,9.402
2011,5PA,3.85
2011,5PC,10.85
2011,5PD,12.66667
2011,5PE,4.6
2011,5PF,5.69091
2011,5PG,2.8
2011,5PJ,13.75
2011,5PK,4.6
2011,5PL,3
2011,5PM,6.6
2011,5PN,1.8
2011,5PP,5.05
2011,5PQ,2.5
2011,5PR,2
2011,5PT,15
2011,5PV,1
2011,5PW,4.1
2011,5PX,2.9
2011,5PY,7.975
2011,5QA,2.0909
2011,5QC,6.37922
2011,5QD,4.338
2011,5QE,4.1
2011,5QF,4.25
2011,5QG,8.16364
2011,5QH,6.225
2011,5QJ,4.79459
2011,5QL,3.069
2011,5QM,14.465
2011,5QN,1.2
2011,5QP,1.8
2011,5QQ,3.61608
2011,5QT,83.46636
2011,5QV,7.95
2011,5QW,2
2011,AHO,26.65455
2011,NNF,6.5
2011,NNV,2
2011,NQL,9
2011,Q31,1
2011,Q32,2.45
2011,Q33,1
2011,Q34,9.68572
2011,Q35,14.62502
2011,Q36,4.1
2011,Q38,4.22455
2011,Q39,1.7
2011,R1A,53.98636
2011,R1C,9.821
2011,RA2,154.13262
2011,RA3,78.1
2011,RA4,72.125
2011,RA7,322.42086
2011,RA9,163.855
2011,RAE,246.74523
2011,RAJ,149.56136
2011,RAL,292.5457
2011,RAN,69.62727
2011,RAP,109.79727
2011,RAS,119.06227
2011,RAT,58.59091
2011,RAX,138.81408
2011,RBA,191.438
2011,RBB,7.8
2011,RBD,100.00927
2011,RBF,35.05409
2011,RBK,105
2011,RBL,185.11136
2011,RBN,170.11137
2011,RBQ,56.2
2011,RBS,147.33218
2011,RBT,92.97273
2011,RBV,89.79091
2011,RBZ,91.2923
2011,RC1,101.09545
2011,RC3,97.9701
2011,RC9,165.42772
2011,RCB,192.00909
2011,RCC,65.85
2011,RCD,91.6
2011,RCF,88.73182
2011,RCU,105.3938
2011,RCX,122.445
2011,RD1,165.45972
2011,RD3,144.4965
2011,RD7,132.18862
2011,RD8,107.25
2011,RDD,160.8409
2011,RDE,142.52
2011,RDR,24.30509
2011,RDU,159.66362
2011,RDY,40.58091
2011,RDZ,148.79318
2011,RE9,60.95
2011,REF,229.78
2011,REM,192.595
2011,REN,40
2011,REP,47.85
2011,RET,49.6
2011,RF4,267.24271
2011,RFF,95.65
2011,RFR,128.515
2011,RFS,131.512
2011,RFW,93.98408
2011,RGC,134.07044
2011,RGD,55.3
2011,RGM,74.375
2011,RGN,166.07954
2011,RGP,106.546
2011,RGQ,158.69454
2011,RGR,125.03227
2011,RGT,380.01236
2011,RH5,32.25
2011,RH8,248.03768
2011,RHA,108.21136
2011,RHM,407.96432
2011,RHQ,493.72272
2011,RHU,301.19009
2011,RHW,215.35908
2011,RHX,11.7
2011,RJ1,510.20907
2011,RJ2,129.81637
2011,RJ6,128.55227
2011,RJ7,376.69377
2011,RJ8,29.35
2011,RJC,97.88636
2011,RJD,104.34091
2011,RJE,279.15418
2011,RJF,108.39545
2011,RJL,153.96198
2011,RJN,72.88637
2011,RJR,119.90681
2011,RJX,8.9
2011,RJZ,408.68032
2011,RK5,134.794
2011,RK9,287.24909
2011,RKB,309.68672
2011,RKE,145.35908
2011,RKL,101.51591
2011,RL1,66.35
2011,RL4,225.42273
2011,RLN,229.31818
2011,RLQ,90.675
2011,RLT,63.02273
2011,RLU,48.528
2011,RLY,28.77727
2011,RM1,316.81137
2011,RM2,231.30572
2011,RM3,279.47968
2011,RM4,51.6
2011,RMC,140.79545
2011,RMP,93.87727
2011,RMY,64.873
2011,RN1,104.89936
2011,RN3,142.89318
2011,RN5,113.869
2011,RN7,72.52727
2011,RNA,162.828
2011,RNH,82.6
2011,RNJ,354.70452
2011,RNK,19.26082
2011,RNL,148.25
2011,RNN,33.1
2011,RNQ,110.89432
2011,RNS,184.34459
2011,RNU,96.05455
2011,RNZ,145.73063
2011,RP1,47.71818
2011,RP4,230.76636
2011,RP5,185.92
2011,RP6,96.38
2011,RP7,40.23637
2011,RPA,149.02545
2011,RPC,51.9013
2011,RPG,61.55
2011,RPY,100.70909
2011,RQ3,162.942
2011,RQ6,252.46818
2011,RQ8,185.20808
2011,RQM,189.43636
2011,RQQ,65.511
2011,RQW,123.93408
2011,RQX,111.83636
2011,RQY,84.27045
2011,RR1,362.49657
2011,RR7,117.485
2011,RR8,628.9233
2011,RRD,42.2
2011,RRE,54.30409
2011,RRF,166.70259
2011,RRJ,54.34455
2011,RRK,339.9125
2011,RRP,82.11818
2011,RRV,365.1909
2011,RT1,67.087
2011,RT2,75.9
2011,RT3,149.9
2011,RT5,81.2125
2011,RT6,38.45
2011,RTD,532.87
2011,RTE,314.99995
2011,RTF,213.97818
2011,RTG,279.23527
2011,RTH,457.68617
2011,RTK,145.67953
2011,RTP,136.15562
2011,RTQ,53.0125
2011,RTR,363.67914
2011,RTV,56.7
2011,RTX,169.98182
2011,RV3,111.27136
2011,RV5,162.82727
2011,RV8,224.03406
2011,RV9,36.748
2011,RVJ,301.50079
2011,RVL,230.26362
2011,RVN,96.125
2011,RVR,222.10522
2011,RVV,332.63636
2011,RVW,157.15
2011,RVY,92.79272
2011,RW1,99.69891
2011,RW3,440.60187
2011,RW4,65.6
2011,RW5,82.00564
2011,RW6,366.17145
2011,RWA,326.02818
2011,RWD,276.87709
2011,RWE,507.80681
2011,RWF,218.74499
2011,RWG,170.69771
2011,RWH,222.67546
2011,RWJ,153.66136
2011,RWK,110.11818
2011,RWN,81.57273
2011,RWP,231.42952
2011,RWR,82.99717
2011,RWV,58.113
2011,RWW,117.83636
2011,RWX,58
2011,RWY,196.4889
2011,RX1,525.83796
2011,RX2,120.23
2011,RX3,116.2
2011,RX4,144.44567
2011,RX8,0.1875
2011,RXA,73.458
2011,RXC,196.66045
2011,RXE,41.60454
2011,RXF,304.29318
2011,RXG,59.29
2011,RXH,384.76154
2011,RXK,259.52954
2011,RXL,143
2011,RXM,69.196
2011,RXN,257.20909
2011,RXP,236.28863
2011,RXQ,203.2899
2011,RXR,218.0375
2011,RXT,107.03
2011,RXV,55.62727
2011,RXW,197.34263
2011,RXX,88.3
2011,RXY,86.84545
2011,RY1,2.98364
2011,RY2,6.3
2011,RY3,9.313
2011,RY4,9.02727
2011,RY5,0.6
2011,RY7,1.02273
2011,RY8,2.05455
2011,RYG,61.15
2011,RYH,1.82727
2011,RYJ,489.27954
2011,RYK,29.22727
2011,RYQ,284.32771
2011,RYR,241.76136
2011,RYV,22.45
2011,RYW,49.3
2011,RYX,2.35
2011,RYY,6.092
2011,T1160,6.75
2011,T1310,203.51128
2011,T1440,0.8
2011,T1460,33.25
2011,TAC,5.4
2011,TAD,34.663
2011,TAE,37.575
2011,TAF,37.1
2011,TAH,41.85
2011,TAJ,21
2011,TAL,1.1
2011,TAN,0.5
2012,50,4.4
2012,5A7,7.5
2012,5A8,1.92727
2012,5AT,1.4
2012,5C2,1.8
2012,5C3,5
2012,5CN,3.8
2012,5CQ,19.05
2012,5D7,2.9
2012,5EF,0.6
2012,5EM,2.5
2012,5ET,0.2
2012,5F1,3.28182
2012,5F5,0.55
2012,5F7,1.9
2012,5FE,1
2012,5H1,1.45455
2012,5H8,2.6039
2012,5HG,1.45
2012,5HP,1
2012,5HQ,1
2012,5HX,3
2012,5J2,3
2012,5J4,0.85
2012,5J5,1
2012,5J6,3
2012,5JE,0.5
2012,5JX,1
2012,5K3,3
2012,5K5,3.925
2012,5K8,3.4
2012,5KF,1
2012,5KL,3.3
2012,5L1,3
2012,5L3,2.4
2012,5LA,2
2012,5LC,6.4
2012,5LD,5.4
2012,5LE,3.1
2012,5LF,3
2012,5LG,12.7
2012,5LH,2.7
2012,5LQ,2.8
2012,5M2,2
2012,5M3,3.6
2012,5M6,3.9
2012,5MK,2.3
2012,5MV,2
2012,5MX,5
2012,5N1,4.5
2012,5N2,2.075
2012,5N3,2
2012,5N4,3.4
2012,5N5,3
2012,5N6,5.9
2012,5N7,2
2012,5N8,4.15
2012,5N9,5.21169
2012,5NA,1
2012,5NC,1
2012,5ND,4
2012,5NE,4.8
2012,5NF,0.7
2012,5NG,4.71429
2012,5NH,4.88961
2012,5NJ,1.4
2012,5NL,3
2012,5NM,3
2012,5NN,5.01764
2012,5NP,7.00909
2012,5NR,5.6
2012,5NT,2.23
2012,5NV,5.061
2012,5NW,1
2012,5NX,0.6
2012,5NY,3.24545
2012,5P1,2
2012,5P2,2.55
2012,5P5,4.57273
2012,5P6,3
2012,5P8,1
2012,5P9,2
2012,5PA,3.65
2012,5PD,16.16667
2012,5PE,2.4
2012,5PF,4.19091
2012,5PG,3
2012,5PJ,13.95
2012,5PK,2
2012,5PL,3
2012,5PM,10.68
2012,5PN,0.8
2012,5PP,4.95
2012,5PQ,2.5
2012,5PR,3
2012,5PT,13.2
2012,5PV,0.8
2012,5PW,1.8
2012,5PX,0.2
2012,5PY,1
2012,5QA,1.0909
2012,5QC,4.98182
2012,5QD,5.338
2012,5QE,4.1
2012,5QF,3.725
2012,5QG,1
2012,5QH,1.6
2012,5QJ,5.49459
2012,5QK,1
2012,5QL,2.969
2012,5QM,4.9
2012,5QN,1.2
2012,5QP,2.8
2012,5QQ,2.3994
2012,5QT,1
2012,5QV,7.3
2012,5QW,3
2012,AHO,26.96364
2012,NCY,21.275
2012,NL8,0.486
2012,NLR,4.125
2012,NNF,6.6
2012,NNV,2
2012,NQ1,2
2012,NQ7,1.7
2012,NQA,2.9
2012,NQL,7.4
2012,NQV,4
2012,NR5,22.5
2012,Q31,4.3
2012,Q32,2.6
2012,Q34,9.48182
2012,Q35,13.42047
2012,Q36,4.1
2012,Q38,2.9
2012,Q39,1.7
2012,R1A,51.93636
2012,R1C,57.579
2012,R1D,9.85
2012,R1E,4
2012,R1F,80.68336
2012,R1H,598.62274
2012,RA2,162.18526
2012,RA3,75.85
2012,RA4,75.125
2012,RA7,333.53895
2012,RA9,168.455
2012,RAE,250.53823
2012,RAJ,163.22727
2012,RAL,278.86789
2012,RAN,76.23863
2012,RAP,115.68818
2012,RAS,127.26318
2012,RAT,77
2012,RAX,145.34158
2012,RBA,192.00845
2012,RBB,7.6
2012,RBD,104.33736
2012,RBK,110.725
2012,RBL,205.73636
2012,RBN,178.98182
2012,RBQ,59.53
2012,RBS,146.12718
2012,RBT,96.15909
2012,RBV,90.14091
2012,RBZ,87.15065
2012,RC1,111.89545
2012,RC3,102.5701
2012,RC9,175.98227
2012,RCB,280.60909
2012,RCD,99.4
2012,RCF,95.23182
2012,RCU,115.4238
2012,RCX,122.995
2012,RD1,170.55045
2012,RD3,151.50762
2012,RD7,145.21135
2012,RD8,108.08125
2012,RDD,153.64545
2012,RDE,151.12909
2012,RDR,24.571
2012,RDU,168.36135
2012,RDY,51.33873
2012,RDZ,151.79318
2012,RE9,65.166
2012,REF,221.575
2012,REM,182.6105
2012,REN,40
2012,REP,48.3
2012,RET,68.05
2012,RF4,285.40498
2012,RFF,96.75
2012,RFR,127.791
2012,RFS,135.045
2012,RFW,89.0159
2012,RGD,79.675
2012,RGM,76.81
2012,RGN,171.74091
2012,RGP,99.125
2012,RGQ,168.96363
2012,RGR,130.43227
2012,RGT,406.50036
2012,RH5,34.85
2012,RH8,254.072
2012,RHA,115.31136
2012,RHM,423.21659
2012,RHQ,500.77272
2012,RHU,306.74309
2012,RHW,232.75454
2012,RHX,8.75
2012,RJ1,552.84316
2012,RJ2,133.81637
2012,RJ6,127.82727
2012,RJ7,401.99377
2012,RJ8,34.25
2012,RJC,105.41818
2012,RJD,102.05
2012,RJE,291.90459
2012,RJF,108.87273
2012,RJL,166.43698
2012,RJN,71.27591
2012,RJR,123.72272
2012,RJX,8.9
2012,RJZ,435.73942
2012,RK5,139.844
2012,RK9,297.72264
2012,RKB,330.95945
2012,RKE,145.65908
2012,RKL,95.69091
2012,RL1,70.85
2012,RL4,239.07273
2012,RLN,229.71318
2012,RLQ,95.245
2012,RLT,67.62273
2012,RLU,49.963
2012,RLY,25.44091
2012,RM1,327.57273
2012,RM2,241.74572
2012,RM3,300.08274
2012,RMC,173.125
2012,RMP,94.17727
2012,RMY,103.25
2012,RN3,139.16159
2012,RN5,218.93586
2012,RN7,81.40909
2012,RNA,168.878
2012,RNK,20.36082
2012,RNL,147.667
2012,RNN,39.7
2012,RNQ,120.57932
2012,RNS,186.33209
2012,RNU,100.05455
2012,RNZ,143.73745
2012,RP1,59.96363
2012,RP4,238.98909
2012,RP5,196.948
2012,RP6,103.772
2012,RP7,39.63473
2012,RPA,155.84545
2012,RPC,54.2263
2012,RPG,61.65
2012,RPY,109.09909
2012,RQ3,180.817
2012,RQ6,263.96818
2012,RQ8,188.18099
2012,RQM,200.12501
2012,RQQ,72.426
2012,RQW,114.8409
2012,RQX,120.63819
2012,RQY,82.97045
2012,RR1,375.27157
2012,RR7,119.86
2012,RR8,641.39177
2012,RRD,45.65
2012,RRE,55.845
2012,RRF,163.65259
2012,RRJ,55.43091
2012,RRK,365.48841
2012,RRP,76.61818
2012,RRV,403.68862
2012,RT1,64.9
2012,RT2,79.825
2012,RT3,162.24545
2012,RT5,93.2625
2012,RTD,569.91891
2012,RTE,313.09986
2012,RTF,226.28781
2012,RTG,290.57618
2012,RTH,510.0919
2012,RTK,151.47271
2012,RTP,141.44653
2012,RTQ,46.4875
2012,RTR,368.42059
2012,RTV,55.4
2012,RTX,180.58227
2012,RV3,131.96136
2012,RV5,160.49863
2012,RV8,237.93225
2012,RV9,38.6
2012,RVJ,337.3667
2012,RVL,239.01126
2012,RVN,88.675
2012,RVR,235.25454
2012,RVV,327.68636
2012,RVW,157.765
2012,RVY,92.88363
2012,RW1,100.4
2012,RW3,511.28182
2012,RW4,65
2012,RW5,88.842
2012,RW6,374.70454
2012,RWA,336.29318
2012,RWD,273.06221
2012,RWE,518.18231
2012,RWF,208.31299
2012,RWG,173.07453
2012,RWH,246.07432
2012,RWJ,154.26818
2012,RWK,113.56818
2012,RWN,85.26606
2012,RWP,234.0568
2012,RWR,79.00909
2012,RWV,70.325
2012,RWW,125.62727
2012,RWX,68.15
2012,RWY,203.87681
2012,RX1,535.61751
2012,RX2,142.19227
2012,RX3,137.683
2012,RX4,157.56385
2012,RX8,0.1875
2012,RXA,75.158
2012,RXC,198.41045
2012,RXE,39.92273
2012,RXF,313.125
2012,RXG,80.63545
2012,RXH,420.83645
2012,RXK,267.54863
2012,RXL,162.345
2012,RXM,68.396
2012,RXN,262.975
2012,RXP,253.38863
2012,RXQ,204.76717
2012,RXR,226.9
2012,RXT,95.43
2012,RXV,50.71818
2012,RXW,212.03809
2012,RXX,93.65
2012,RXY,86.65
2012,RY1,2.98364
2012,RY2,12.25
2012,RY3,9.678
2012,RY4,10.32273
2012,RY5,1.8
2012,RY6,28.85
2012,RY7,2
2012,RY8,1.98636
2012,RYG,68.55
2012,RYH,0.54545
2012,RYJ,502.9861
2012,RYK,34.22727
2012,RYQ,279.46617
2012,RYR,251.66818
2012,RYV,28.65114
2012,RYW,51.2
2012,RYX,3.78182
2012,RYY,12.69018
2012,T1160,4.95
2012,T1310,210.8105
2012,T1440,0.8
2012,T1460,35.05
2012,TAD,35.901
2012,TAE,38.25
2012,TAF,34.65
2012,TAH,45.5
2012,TAJ,39.7
2012,TAK,0.42727
2012,TAL,1.1
2013,00R,0.046
2013,01A,0.12667
2013,01R,2.65
2013,02M,0.4
2013,03K,0.4
2013,05W,0.8
2013,06F,0.85
2013,06K,0.4
2013,06P,0.22727
2013,07H,0.2
2013,07K,0.5
2013,07N,0.22727
2013,07P,1
2013,07Q,0.1
2013,08A,0.22727
2013,08E,0.5
2013,08X,0.7841
2013,09G,0.3
2013,0AK,1.8
2013,11H,0.2
2013,11X,0.069
2013,5F1,2.05
2013,5QT,1
2013,AHO,20.4
2013,NCY,21.225
2013,NL8,0.961
2013,NNF,9.6
2013,NNV,3.1
2013,NQ7,1.7
2013,NQA,2.7
2013,NQL,7.4
2013,NQV,5.65
2013,NR5,24.575
2013,Q31,0.5
2013,Q36,1.6
2013,Q39,0.1
2013,R1A,48.83636
2013,R1C,60.224
2013,R1D,6.15
2013,R1E,16.45
2013,R1F,78.03936
2013,R1H,656.54093
2013,R1J,3.8
2013,RA2,173.3229
2013,RA3,76.536
2013,RA4,80.4
2013,RA7,338.32045
2013,RA9,180.81
2013,RAE,262.94093
2013,RAJ,168.92727
2013,RAL,298.85617
2013,RAN,84.69759
2013,RAP,118.61091
2013,RAS,135.15863
2013,RAT,81.8
2013,RAX,152.18408
2013,RBA,201.03995
2013,RBB,6.85
2013,RBD,111.02927
2013,RBK,123.5
2013,RBL,219.13409
2013,RBN,190.63182
2013,RBQ,60.2925
2013,RBS,150.17718
2013,RBT,99.33409
2013,RBV,93.06591
2013,RBZ,91.33935
2013,RC1,101.58636
2013,RC3,107.64737
2013,RC9,192.37068
2013,RCB,301.05909
2013,RCD,108.70909
2013,RCF,102.35
2013,RCU,121.8753
2013,RCX,121.9291
2013,RD1,186.04245
2013,RD3,149.69877
2013,RD7,156.13864
2013,RD8,111.45622
2013,RDD,163.64545
2013,RDE,157.882
2013,RDR,26.496
2013,RDU,179.82044
2013,RDY,55.54673
2013,RDZ,154.06818
2013,RE9,66.316
2013,REF,241.4275
2013,REM,191.96959
2013,REN,41.7
2013,REP,49.35
2013,RET,76.45
2013,RF4,269.74206
2013,RFF,99.25
2013,RFR,131.3972
2013,RFS,145.845
2013,RFW,96.50681
2013,RGD,81.475
2013,RGM,87.191
2013,RGN,181.75909
2013,RGP,105.05
2013,RGQ,175.97367
2013,RGR,144.50045
2013,RGT,442.51227
2013,RH5,33.85
2013,RH8,260.583
2013,RHA,117.78052
2013,RHM,465.1825
2013,RHQ,519.56363
2013,RHU,322.09509
2013,RHW,238.21818
2013,RJ1,599.06635
2013,RJ2,133.90182
2013,RJ6,140.36136
2013,RJ7,420.39377
2013,RJ8,32.75
2013,RJC,111.68864
2013,RJD,99.125
2013,RJE,308.16609
2013,RJF,107.25
2013,RJL,161.91198
2013,RJN,74.708
2013,RJR,132.99772
2013,RJX,8.4
2013,RJZ,473.31942
2013,RK5,152.544
2013,RK9,314.03909
2013,RKB,330.92654
2013,RKE,154.57272
2013,RKL,95.995
2013,RL1,71.75
2013,RL4,243.18068
2013,RLN,230.53818
2013,RLQ,101.195
2013,RLT,72.92273
2013,RLU,52.322
2013,RLY,25.04091
2013,RM1,337.50455
2013,RM2,268.98942
2013,RM3,311.59019
2013,RMC,177.08409
2013,RMP,92.788
2013,RMY,91.64091
2013,RN3,151.64465
2013,RN5,236.86086
2013,RN7,82.15909
2013,RNA,181.55
2013,RNK,21.479
2013,RNL,151.467
2013,RNN,42.2
2013,RNQ,119.89182
2013,RNS,194.55709
2013,RNU,98.05455
2013,RNZ,148.61245
2013,RP1,54.21818
2013,RP4,250.50909
2013,RP5,215.10118
2013,RP6,107.44
2013,RP7,47.32273
2013,RPA,150.30681
2013,RPC,54.1363
2013,RPG,64.95
2013,RPY,116.41909
2013,RQ3,189.392
2013,RQ6,284.19
2013,RQ8,191.66149
2013,RQM,225.12728
2013,RQQ,69.622
2013,RQW,117.7409
2013,RQX,122.56819
2013,RQY,83.62045
2013,RR1,379.54657
2013,RR7,135.26
2013,RR8,687.70386
2013,RRD,46.75
2013,RRE,53.84318
2013,RRF,177.44009
2013,RRJ,56.43091
2013,RRK,392.24523
2013,RRP,83.51818
2013,RRV,418.54544
2013,RT1,76.5
2013,RT2,79.125
2013,RT3,164.64545
2013,RT5,88.8875
2013,RTD,588.84364
2013,RTE,316.26086
2013,RTF,238.99145
2013,RTG,306.51368
2013,RTH,538.60826
2013,RTK,157.27726
2013,RTP,150.07153
2013,RTQ,47.3875
2013,RTR,367.24514
2013,RTV,57.1
2013,RTX,190.17727
2013,RV3,144.31936
2013,RV5,159.69863
2013,RV8,241.09362
2013,RV9,35.625
2013,RVJ,338.17466
2013,RVL,242.4909
2013,RVN,90.325
2013,RVR,241.45909
2013,RVV,341.23636
2013,RVW,162.475
2013,RVY,88.99045
2013,RW1,107.2
2013,RW3,548.13
2013,RW4,64.4
2013,RW5,88.80454
2013,RW6,363.61136
2013,RWA,341.61818
2013,RWD,280.84359
2013,RWE,547.67664
2013,RWF,216.87845
2013,RWG,177.65908
2013,RWH,249.00032
2013,RWJ,167.53409
2013,RWK,119.91818
2013,RWN,96.9794
2013,RWP,237.02953
2013,RWR,75.23418
2013,RWV,67.6
2013,RWW,125.21818
2013,RWX,70.75
2013,RWY,212.8959
2013,RX1,556.46378
2013,RX2,128.10227
2013,RX3,146.733
2013,RX4,169.09545
2013,RX8,0.1875
2013,RXA,76.858
2013,RXC,200.29045
2013,RXE,44.51364
2013,RXF,303.8
2013,RXG,82.56045
2013,RXH,429.73036
2013,RXK,250.89318
2013,RXL,171.92
2013,RXM,69.05
2013,RXN,271.295
2013,RXP,261.27963
2013,RXQ,206.04854
2013,RXR,234.225
2013,RXT,101.33
2013,RXV,50.36818
2013,RXW,220.10991
2013,RXX,93.4969
2013,RXY,78.585
2013,RY1,2.36364
2013,RY2,11.7
2013,RY3,10.028
2013,RY4,10.72727
2013,RY5,4.6
2013,RY6,26.68
2013,RY7,2
2013,RY8,1.85
2013,RY9,4.1
2013,RYG,69.25
2013,RYH,1.2
2013,RYJ,506.33362
2013,RYK,32.77727
2013,RYQ,269.49747
2013,RYR,253.52727
2013,RYV,25.87614
2013,RYW,51.225
2013,RYX,3.88182
2013,RYY,13.79818
2013,T1160,6.75
2013,T1460,36.1
2013,T1510,14.9875
2013,TAD,37.90045
2013,TAE,38.75
2013,TAF,39.12727
2013,TAH,38.55
2013,TAJ,40
2013,TAK,0.2
2013,TAL,0.3
2014,00R,0.046
2014,01A,0.12667
2014,01R,1.85
2014,02M,0.4
2014,03K,0.4
2014,05F,0.8
2014,06F,0.7
2014,06K,0.6
2014,07H,0.2
2014,07K,0.7
2014,07P,1
2014,07Q,0.1
2014,08A,0.22727
2014,08E,0.5
2014,08X,0.7841
2014,09G,0.3
2014,0AK,2.4
2014,11H,0.2
2014,11X,0.069
2014,99P,0.246
2014,AHO,22.3
2014,NCY,20.73
2014,NL8,0.961
2014,NNF,10.5
2014,NNV,0.9
2014,NQ1,1
2014,NQA,2.7
2014,NQL,7.5
2014,NQV,4.15
2014,NR5,21.7
2014,R1A,50.53636
2014,R1C,57.661
2014,R1D,6.519
2014,R1E,23.3
2014,R1F,74.59936
2014,R1G,1
2014,R1H,663.72956
2014,R1J,3.8
2014,RA2,190.7634
2014,RA3,72
2014,RA4,87.325
2014,RA7,360.78526
2014,RA9,186.903
2014,RAE,271.82143
2014,RAJ,160.97727
2014,RAL,562.74445
2014,RAN,83.74936
2014,RAP,157.30682
2014,RAS,140.52454
2014,RAT,81.64722
2014,RAX,160.92499
2014,RBA,202.61745
2014,RBB,7.325
2014,RBD,116.34439
2014,RBK,134.8
2014,RBL,227.1375
2014,RBN,198.8
2014,RBQ,63.1425
2014,RBS,164.50518
2014,RBT,108.05
2014,RBV,103.46591
2014,RBZ,92.14935
2014,RC1,109.56136
2014,RC3,106.39737
2014,RC9,197.29304
2014,RCB,315.30909
2014,RCD,107.15909
2014,RCF,102.446
2014,RCU,127.6598
2014,RCX,114.77
2014,RD1,193.37736
2014,RD3,154.52377
2014,RD7,174.13637
2014,RD8,118.61758
2014,RDD,167.19545
2014,RDE,166.20636
2014,RDR,25.05
2014,RDU,197.68408
2014,RDY,60.74673
2014,RDZ,164.82818
2014,RE9,65.366
2014,REF,254.868
2014,REM,200.10039
2014,REN,46.1
2014,REP,48.35
2014,RET,78.4
2014,RF4,286.1788
2014,RFF,106.75
2014,RFR,123.1967
2014,RFS,143.89
2014,RFW,101.20681
2014,RGD,77.775
2014,RGM,91.191
2014,RGN,186.941
2014,RGP,103.9427
2014,RGQ,188.48867
2014,RGR,147.20318
2014,RGT,461.90427
2014,RH5,35.625
2014,RH8,285.693
2014,RHA,115.08393
2014,RHM,497.35
2014,RHQ,534.55454
2014,RHU,337.23809
2014,RHW,249.24318
2014,RJ1,631.33686
2014,RJ2,248.88637
2014,RJ6,146.18409
2014,RJ7,427.9865
2014,RJ8,32.95
2014,RJC,121.475
2014,RJD,86.4
2014,RJE,335.43259
2014,RJF,112.3
2014,RJL,149.77289
2014,RJN,70.82391
2014,RJR,147.10611
2014,RJX,8.8
2014,RJZ,663.83771
2014,RK5,147.88264
2014,RK9,332.46
2014,RKB,345.72245
2014,RKE,162.63863
2014,RKL,100.175
2014,RL1,73.45
2014,RL4,253.03049
2014,RLN,248.85318
2014,RLQ,101.895
2014,RLT,76.25
2014,RLU,52.273
2014,RLY,26.29091
2014,RM1,350.31473
2014,RM2,288.70186
2014,RM3,346.99519
2014,RMC,179.72958
2014,RMP,89.688
2014,RMY,84.37273
2014,RN3,171.31786
2014,RN5,248.69836
2014,RN7,102.00909
2014,RNA,180.4
2014,RNK,22.585
2014,RNL,133.7795
2014,RNN,41
2014,RNQ,120.66591
2014,RNS,202.31709
2014,RNU,100.02955
2014,RNZ,150.53745
2014,RP1,51.21818
2014,RP4,263.05291
2014,RP5,219.088
2014,RP6,106.11
2014,RP7,43.90183
2014,RPA,154.56636
2014,RPC,54.409
2014,RPG,66.55
2014,RPY,120.69091
2014,RQ3,190.742
2014,RQ6,296.58518
2014,RQ8,188.84749
2014,RQM,235.73092
2014,RQQ,80.162
2014,RQW,129.66817
2014,RQX,129.33052
2014,RQY,73.32045
2014,RR1,399.88339
2014,RR7,135.135
2014,RR8,709.26636
2014,RRD,47.4
2014,RRE,53.96591
2014,RRF,190.4935
2014,RRJ,60.87955
2014,RRK,399.07364
2014,RRP,86.31818
2014,RRV,445.53862
2014,RT1,77.15
2014,RT2,87.425
2014,RT3,173.44545
2014,RT5,88.6875
2014,RTD,614.66364
2014,RTE,332.59277
2014,RTF,265.52895
2014,RTG,333.58868
2014,RTH,573.13296
2014,RTK,176.22126
2014,RTP,160.82044
2014,RTQ,49.625
2014,RTR,391.31791
2014,RTV,63.7
2014,RTX,189.70227
2014,RV3,164.82936
2014,RV5,162.87163
2014,RV8,268.2618
2014,RV9,34.794
2014,RVJ,343.48755
2014,RVN,89.575
2014,RVR,249.47045
2014,RVV,342.14391
2014,RVW,166.7
2014,RVY,88.84045
2014,RW1,113.5
2014,RW3,581.78602
2014,RW4,67.6
2014,RW5,96.18181
2014,RW6,368.36136
2014,RWA,342.22518
2014,RWD,280.04059
2014,RWE,569.76072
2014,RWF,223.79236
2014,RWG,185.6409
2014,RWH,261.72877
2014,RWJ,157.49318
2014,RWK,138.61818
2014,RWN,97.74758
2014,RWP,245.21726
2014,RWR,73.57509
2014,RWV,59.5
2014,RWW,133.79318
2014,RWX,69.55
2014,RWY,220.69681
2014,RX1,576.71616
2014,RX2,141.10227
2014,RX3,145.633
2014,RX4,168.89545
2014,RX8,0.1875
2014,RXA,71.608
2014,RXC,196.97545
2014,RXE,39.11364
2014,RXF,298.42545
2014,RXG,80.04545
2014,RXH,415.46681
2014,RXK,257.42273
2014,RXL,176.15209
2014,RXM,64.25
2014,RXN,288.795
2014,RXP,269.02554
2014,RXQ,209.69045
2014,RXR,245.125
2014,RXT,102.43
2014,RXV,51.12727
2014,RXW,219.86536
2014,RXX,87.0469
2014,RXY,81.535
2014,RY1,2.18182
2014,RY2,13
2014,RY3,12.00136
2014,RY4,13.9
2014,RY5,4
2014,RY6,28.425
2014,RY7,2
2014,RY8,1.85
2014,RY9,3.5
2014,RYG,67.2
2014,RYJ,515.52613
2014,RYK,34.77727
2014,RYR,254.4
2014,RYV,33.7955
2014,RYW,50.825
2014,RYX,4
2014,RYY,14.6625
2014,T1460,37
2014,T1510,37.375
2014,TAD,41.96045
2014,TAE,39.45
2014,TAF,45.6
2014,TAH,38.35
2014,TAJ,39.8
2014,X80,5.55
2015,00R,0.046
2015,01A,0.12667
2015,01R,2.75
2015,02M,0.4
2015,03K,0.4
2015,05F,1
2015,06F,0.7
2015,06K,0.7
2015,07H,0.3
2015,07K,0.7
2015,07P,1
2015,07R,0.2
2015,07W,0.10667
2015,08E,0.5
2015,08X,0.6
2015,09G,0.3
2015,09J,0.75
2015,0AQ,0.2
2015,0DE,2.256
2015,11H,0.1
2015,11X,0.069
2015,AHO,17.7
2015,NCY,17.23
2015,NL8,2.611
2015,NNF,10.5
2015,NNV,1.9
2015,NQ1,1
2015,NQ7,0.8
2015,NQA,2.7
2015,NQL,6.5
2015,NQV,4.15
2015,NR5,21.925
2015,R1A,48.13636
2015,R1C,56.4736
2015,R1D,7.469
2015,R1E,22.85
2015,R1F,77.411
2015,R1H,727.80861
2015,R1J,4
2015,R1K,387.19054
2015,RA2,202.32013
2015,RA3,65.125
2015,RA4,85.075
2015,RA7,393.31826
2015,RA9,196.0125
2015,RAE,274.06123
2015,RAJ,172.67727
2015,RAL,579.41031
2015,RAN,95.06754
2015,RAP,160.01818
2015,RAS,154.69659
2015,RAT,90.39444
2015,RAX,171.45499
2015,RBA,208.4469
2015,RBD,119.26789
2015,RBK,133.6
2015,RBL,227.3375
2015,RBN,222.8
2015,RBQ,67.08
2015,RBS,171.45018
2015,RBT,119.02
2015,RBV,107.175
2015,RBZ,91.81685
2015,RC1,114.775
2015,RC9,213.73518
2015,RCB,320.26609
2015,RCD,114.04409
2015,RCF,98.946
2015,RCU,126.02673
2015,RCX,113.2575
2015,RD1,207.10986
2015,RD3,168.05677
2015,RD8,134.85757
2015,RDD,179.73545
2015,RDE,178.80864
2015,RDR,24.05
2015,RDU,390.38637
2015,RDY,60.909
2015,RDZ,175.18818
2015,RE9,67.166
2015,REF,260.85141
2015,REM,218.76839
2015,REN,46.25
2015,REP,48.9
2015,RET,85.025
2015,RF4,287.95071
2015,RFF,113.562
2015,RFR,124.3118
2015,RFS,150.11
2015,RGD,78.15
2015,RGM,94.985
2015,RGN,195.57509
2015,RGP,105.0427
2015,RGQ,195.79587
2015,RGR,156.08568
2015,RGT,488.79061
2015,RH5,34.975
2015,RH8,292.29
2015,RHA,113.58393
2015,RHM,518.575
2015,RHQ,562.74545
2015,RHU,360.62309
2015,RHW,259.50291
2015,RJ1,696.80681
2015,RJ2,255.16592
2015,RJ6,155.825
2015,RJ7,464.74354
2015,RJ8,33.25
2015,RJC,134.65
2015,RJE,409.79709
2015,RJF,112
2015,RJL,161.4368
2015,RJN,79.46482
2015,RJR,147.40145
2015,RJX,8.2
2015,RJZ,707.24998
2015,RK5,154.55082
2015,RK9,334.03
2015,RKB,352.96895
2015,RKE,166.44318
2015,RKL,105.825
2015,RL1,72.75
2015,RL4,293.41749
2015,RLN,257.26908
2015,RLQ,101.195
2015,RLT,73.075
2015,RLU,54.161
2015,RLY,26.79091
2015,RM1,357.84882
2015,RM2,298.52727
2015,RM3,362.80464
2015,RMC,185.27678
2015,RMP,94.15
2015,RMY,89.79091
2015,RN3,181.47356
2015,RN5,263.87436
2015,RN7,103.05909
2015,RNA,181.75
2015,RNK,22.485
2015,RNL,117.2
2015,RNN,39.35
2015,RNQ,138.23
2015,RNS,205.36209
2015,RNU,102.66955
2015,RNZ,156.38636
2015,RP1,47.01818
2015,RP4,275.26655
2015,RP5,220.563
2015,RP6,116.59
2015,RP7,44.15183
2015,RPA,167.10727
2015,RPC,56.309
2015,RPG,67.5
2015,RPY,126.05909
2015,RQ3,205.625
2015,RQ6,328.77268
2015,RQ8,197.13504
2015,RQM,350.99044
2015,RQQ,72.3125
2015,RQW,131.33408
2015,RQX,136.01688
2015,RQY,80.05
2015,RR1,412.67839
2015,RR7,142.4375
2015,RR8,730.58227
2015,RRD,48.2
2015,RRE,63.16591
2015,RRF,185.9625
2015,RRJ,57.55619
2015,RRK,421.48273
2015,RRP,87.4
2015,RRV,450.70906
2015,RT1,76.65909
2015,RT2,88.925
2015,RT3,185.05
2015,RT5,91.556
2015,RTD,638.86364
2015,RTE,349.26537
2015,RTF,300.29195
2015,RTG,347.07259
2015,RTH,596.51389
2015,RTK,192.03217
2015,RTP,172.53635
2015,RTQ,52.625
2015,RTR,389.69291
2015,RTV,64.4
2015,RTX,201.35
2015,RV3,176.025
2015,RV5,175.01227
2015,RV9,33.075
2015,RVJ,371.98705
2015,RVN,89.975
2015,RVR,261.73909
2015,RVV,354.08391
2015,RVW,178.175
2015,RVY,92.54045
2015,RW1,110.85
2015,RW3,621.66818
2015,RW4,68
2015,RW5,93.18182
2015,RW6,361.27727
2015,RWA,350.72018
2015,RWD,287.58959
2015,RWE,585.42386
2015,RWF,240.56836
2015,RWG,193.97272
2015,RWH,271.6885
2015,RWJ,169.44318
2015,RWK,173.39091
2015,RWN,60.8548
2015,RWP,254.09567
2015,RWR,76.58709
2015,RWV,57.9
2015,RWW,136.44468
2015,RWX,78.65
2015,RWY,210.05363
2015,RX1,592.56604
2015,RX2,126.16227
2015,RX3,146.033
2015,RX4,173
2015,RX8,0.1875
2015,RXA,75.508
2015,RXC,192.29772
2015,RXE,40.90909
2015,RXF,305.68555
2015,RXG,80.95
2015,RXH,434.29531
2015,RXK,258.77273
2015,RXL,190.04959
2015,RXM,68.95
2015,RXN,300.8
2015,RXP,271.97548
2015,RXQ,219.74045
2015,RXR,248.95
2015,RXT,101.18
2015,RXV,50.07727
2015,RXW,226.60136
2015,RXX,88.1219
2015,RXY,83.435
2015,RY1,3
2015,RY2,13
2015,RY3,12.15
2015,RY4,12.125
2015,RY5,3.1
2015,RY6,27.75
2015,RY7,2
2015,RY8,0.27273
2015,RY9,6.5
2015,RYG,74.7
2015,RYJ,563.68582
2015,RYK,33.02727
2015,RYR,260.892
2015,RYV,37.2455
2015,RYW,52.175
2015,RYX,4.3
2015,RYY,16.7
2015,T1460,38.35
2015,T1510,34.383
2015,TAD,42.785
2015,TAE,37.75
2015,TAF,54.15909
2015,TAH,38.3
2015,TAJ,36.8
2015,X24,0.2
2015,X80,3.5462
2016,00M,0.27
2016,00Q,1.191
2016,00R,0.046
2016,00Y,0.72
2016,01A,0.56467
2016,01H,0.8
2016,01R,3.3
2016,02M,0.4
2016,03F,0.1
2016,05A,2.83047
2016,05F,1
2016,05T,0.4
2016,05Y,0.2
2016,06F,0.6
2016,06K,0.7
2016,07H,0.5
2016,07K,0.2
2016,07P,1
2016,07Q,0.2
2016,07W,0.21333
2016,08A,1.95
2016,08J,0.32
2016,08K,0.3
2016,08L,0.81
2016,08N,1
2016,08P,1.507
2016,08R,0.6
2016,08T,3.801
2016,08X,1.1921
2016,09J,0.75
2016,09X,0.6
2016,09Y,0.046
2016,11H,0.1
2016,11X,0.069
2016,R1A,52.58636
2016,R1C,46.8871
2016,R1D,7.469
2016,R1E,22.05
2016,R1F,81.36145
2016,R1H,800.47452
2016,R1J,5.2
2016,R1K,424.93009
2016,RA2,218.18636
2016,RA3,68.575
2016,RA4,89.18
2016,RA7,433.84417
2016,RA9,200.1125
2016,RAE,267.58973
2016,RAJ,183.21818
2016,RAL,597.26297
2016,RAN,105.84091
2016,RAP,171.89768
2016,RAS,165.4355
2016,RAT,111.65
2016,RAX,195.12276
2016,RBA,216.0119
2016,RBD,131.54289
2016,RBK,140.375
2016,RBL,240.1625
2016,RBN,224.025
2016,RBQ,67.35
2016,RBS,195.91018
2016,RBT,127.6
2016,RBV,116
2016,RBZ,99.05435
2016,RC1,130.0375
2016,RC9,226.45168
2016,RCB,339.907
2016,RCD,125.25659
2016,RCF,109.641
2016,RCU,144.68703
2016,RCX,116.5764
2016,RD1,215.17936
2016,RD3,183.13177
2016,RD8,150.625
2016,RDD,210.87936
2016,RDE,195.25
2016,RDR,24.5
2016,RDU,405.10455
2016,RDY,60.011
2016,RDZ,176.63818
2016,RE9,68.267
2016,REF,259.83091
2016,REM,226.99339
2016,REN,47.4
2016,REP,51.05
2016,RET,88.36
2016,RF4,316.10662
2016,RFF,124.4696
2016,RFR,129.472
2016,RFS,160
2016,RGD,60.275
2016,RGM,95.1885
2016,RGN,197.53
2016,RGP,113.18
2016,RGQ,208.22147
2016,RGR,162.81932
2016,RGT,509.09416
2016,RH5,33.1
2016,RH8,293.765
2016,RHA,117.04643
2016,RHM,580.544
2016,RHQ,591.02727
2016,RHU,379.259
2016,RHW,263.79291
2016,RJ1,736.27954
2016,RJ2,276.41569
2016,RJ6,166.325
2016,RJ7,503.93636
2016,RJ8,38.35
2016,RJC,149.6725
2016,RJE,464.65999
2016,RJF,125.3
2016,RJL,177.0354
2016,RJN,81.47982
2016,RJR,166.65227
2016,RJZ,719.89094
2016,RK5,161.519
2016,RK9,355.24
2016,RKB,390.40545
2016,RKE,165.30227
2016,RKL,109.325
2016,RL1,71.6
2016,RL4,315.98509
2016,RLN,262.27818
2016,RLQ,111.575
2016,RLT,94.015
2016,RLU,52.901
2016,RLY,27.2
2016,RM1,386.86291
2016,RM2,314.86118
2016,RM3,378.529
2016,RMC,184.1062
2016,RMP,107.425
2016,RMY,82.73227
2016,RN3,198.46026
2016,RN5,272.169
2016,RN7,133.65909
2016,RNA,195.35
2016,RNK,22.175
2016,RNL,112.875
2016,RNN,44.725
2016,RNQ,147.325
2016,RNS,206.96209
2016,RNU,104.05455
2016,RNZ,162.07636
2016,RP1,45.51818
2016,RP4,283.2486
2016,RP5,236.83318
2016,RP6,123.35
2016,RP7,46.88137
2016,RPA,181.89573
2016,RPC,60.9845
2016,RPG,74.35
2016,RPY,142.20909
2016,RQ3,215.025
2016,RQ6,355.23168
2016,RQ8,221.40018
2016,RQM,376.36336
2016,RQQ,82.2196
2016,RQW,145.69545
2016,RQX,155.84097
2016,RQY,94.5
2016,RR1,428.97436
2016,RR7,151.0323
2016,RR8,808.513
2016,RRD,44.55
2016,RRE,68.03
2016,RRF,186.74659
2016,RRJ,59.74892
2016,RRK,477.72818
2016,RRP,86
2016,RRV,517.66758
2016,RT1,87.1
2016,RT2,88.975
2016,RT3,186.39292
2016,RT5,95.55
2016,RTD,660.88864
2016,RTE,343.74537
2016,RTF,303.5285
2016,RTG,358.46959
2016,RTH,662.98236
2016,RTK,194.5729
2016,RTP,191.18635
2016,RTQ,52.175
2016,RTR,397.50241
2016,RTV,66.6
2016,RTX,197.658
2016,RV3,177.775
2016,RV5,187.81227
2016,RV9,32.125
2016,RVJ,369.45905
2016,RVN,115.4861
2016,RVR,274.52659
2016,RVV,351.42591
2016,RVW,175.942
2016,RVY,90.70636
2016,RW1,109.15
2016,RW3,632.09659
2016,RW4,73.9
2016,RW5,101.58182
2016,RW6,378.5833
2016,RWA,380.86818
2016,RWD,328.19089
2016,RWE,632.48018
2016,RWF,243.18068
2016,RWG,217.10227
2016,RWH,284.90373
2016,RWJ,184.65
2016,RWK,187.49091
2016,RWN,56.48
2016,RWP,259.64567
2016,RWR,88.93309
2016,RWV,68.325
2016,RWW,144.16919
2016,RWX,73.225
2016,RWY,219.74886
2016,RX1,639.26804
2016,RX2,137.36727
2016,RX3,157.44318
2016,RX4,168.371
2016,RX8,0.442
2016,RXA,77.108
2016,RXC,216.27272
2016,RXE,40.70909
2016,RXF,316.04395
2016,RXG,83.65
2016,RXH,448.01877
2016,RXK,273.47273
2016,RXL,196.38959
2016,RXM,69.1
2016,RXN,329.47
2016,RXP,271.39046
2016,RXQ,230.21681
2016,RXR,256.675
2016,RXT,101.76182
2016,RXV,53.37727
2016,RXW,232.80136
2016,RXX,87
2016,RXY,88.2
2016,RY1,2.2
2016,RY2,13.3625
2016,RY3,11.35
2016,RY4,11.625
2016,RY5,3.1
2016,RY6,26.85
2016,RY7,0.3
2016,RY8,1.3
2016,RY9,6.3
2016,RYG,75.7
2016,RYJ,583.01558
2016,RYK,34.32727
2016,RYR,274.71318
2016,RYV,35.45914
2016,RYW,55.375
2016,RYX,4.8
2016,RYY,13.15
2016,TAD,37.315
2016,TAE,35.25
2016,TAF,51.2
2016,TAH,39.475
2016,TAJ,41
2017,00M,0.27
2017,00Q,1.237
2017,00R,0.046
2017,00Y,1.00001
2017,01A,0.42667
2017,01H,0.6
2017,01R,4.325
2017,02M,0.4
2017,03F,0.3
2017,05A,2.45456
2017,05F,1
2017,05J,0.09091
2017,05T,0.4
2017,05Y,0.2
2017,06F,0.6
2017,07H,0.5
2017,07P,1
2017,07W,0.2
2017,08A,0.4
2017,08J,0.32
2017,08K,3
2017,08N,1
2017,08P,0.638
2017,08R,0.6
2017,08T,0.2
2017,08X,0.6
2017,09Y,0.046
2017,11X,0.069
2017,14L,1
2017,R1A,53.26136
2017,R1C,44.3229
2017,R1D,6.469
2017,R1E,19.7
2017,R1F,85.12245
2017,R1H,851.92962
2017,R1J,4.85
2017,R1K,437.55964
2017,R1L,93.6
2017,RA2,215.12486
2017,RA3,69.075
2017,RA4,91.27444
2017,RA7,454.58536
2017,RA9,199.09
2017,RAE,266.54223
2017,RAJ,187.46818
2017,RAL,606.43488
2017,RAN,104.69091
2017,RAP,177.24768
2017,RAS,171.8625
2017,RAT,118.96818
2017,RAX,205.2164
2017,RBA,219.5632
2017,RBD,135.4661
2017,RBK,149.425
2017,RBL,246.02
2017,RBN,223.6531
2017,RBQ,78.85
2017,RBS,191.49064
2017,RBT,131.75
2017,RBV,132.225
2017,RBZ,100.8935
2017,RC1,134.6375
2017,RC9,239.92461
2017,RCB,342.587
2017,RCD,128.30109
2017,RCF,113.056
2017,RCU,146.57361
2017,RCX,123.8764
2017,RD1,227.18436
2017,RD3,182.1945
2017,RD8,164.8
2017,RDD,216.32936
2017,RDE,193.375
2017,RDR,25.875
2017,RDU,422.26364
2017,RDY,65.3185
2017,RDZ,188.07068
2017,RE9,69.26667
2017,REF,274.743
2017,REM,235.56409
2017,REN,50.9
2017,REP,51.4375
2017,RET,89.4855
2017,RF4,318.68644
2017,RFF,137.12
2017,RFR,129.6885
2017,RFS,164.41
2017,RGD,62.975
2017,RGM,98.4165
2017,RGN,284.81841
2017,RGP,107.505
2017,RGQ,205.02147
2017,RGR,169.83682
2017,RGT,534.30784
2017,RH5,36.525
2017,RH8,297.03782
2017,RHA,115.23977
2017,RHM,588.639
2017,RHQ,620.32727
2017,RHU,388.13
2017,RHW,273.01591
2017,RJ1,804.59772
2017,RJ2,295.43773
2017,RJ6,174.275
2017,RJ7,540.74245
2017,RJ8,39.2
2017,RJC,146.2805
2017,RJE,472.92209
2017,RJF,120.5
2017,RJL,178.2024
2017,RJN,83.398
2017,RJR,171.37727
2017,RJZ,748.70099
2017,RK5,165.897
2017,RK9,380.71
2017,RKB,409.85795
2017,RKE,163.61227
2017,RKL,102.0903
2017,RL1,76.7
2017,RL4,329.59009
2017,RLN,256.58918
2017,RLQ,118.65
2017,RLT,96.175
2017,RLY,22.25
2017,RM1,414.65682
2017,RM3,400.42541
2017,RMC,192.196
2017,RMP,113.65
2017,RMY,88.1
2017,RN3,202.02422
2017,RN5,282.6965
2017,RN7,138.63409
2017,RNA,195.7875
2017,RNK,30.275
2017,RNL,135.55
2017,RNN,43.825
2017,RNQ,151.925
2017,RNS,204.53709
2017,RNU,104.00455
2017,RNZ,173.03136
2017,RP1,47.51818
2017,RP4,298.7373
2017,RP5,236.85918
2017,RP6,125.03
2017,RP7,44.84546
2017,RPA,186.70473
2017,RPC,62.77
2017,RPG,83.95
2017,RPY,146.80909
2017,RQ3,276.31418
2017,RQ6,361.00618
2017,RQ8,230.42548
2017,RQM,394.02963
2017,RQW,152.05454
2017,RQX,157.64597
2017,RQY,93.9
2017,RR1,433.99636
2017,RR7,158.9885
2017,RR8,858.49591
2017,RRE,72.88
2017,RRF,182.89659
2017,RRJ,68.96819
2017,RRK,505.28518
2017,RRP,94.36818
2017,RRV,551.43181
2017,RT1,86.25
2017,RT2,85.471
2017,RT3,193.55
2017,RT5,100.375
2017,RTD,687.53864
2017,RTE,354.08367
2017,RTF,286.404
2017,RTG,375.55819
2017,RTH,684.70423
2017,RTK,212.45972
2017,RTP,204.54681
2017,RTQ,54.425
2017,RTR,419.70881
2017,RTV,71.5
2017,RTX,217.422
2017,RV3,182.45
2017,RV5,193.03954
2017,RV9,37.51
2017,RVJ,380.59075
2017,RVN,111.2605
2017,RVR,283.51409
2017,RVV,381.86541
2017,RVW,185.8066
2017,RVY,91.21318
2017,RW1,106
2017,RW4,73.8
2017,RW5,94.18636
2017,RW6,368.9545
2017,RWA,394.73864
2017,RWD,323.88639
2017,RWE,664.07018
2017,RWF,254.23209
2017,RWG,230.05436
2017,RWH,288.18272
2017,RWJ,191.50131
2017,RWK,179.85
2017,RWP,272.70022
2017,RWR,99.98309
2017,RWV,70.525
2017,RWW,150.8819
2017,RWX,73.9595
2017,RWY,230.88636
2017,RX1,672.22754
2017,RX2,119.62182
2017,RX3,158.36727
2017,RX4,165.64827
2017,RX8,0.442
2017,RXA,78.65
2017,RXC,220.70336
2017,RXE,40.65
2017,RXF,324.64915
2017,RXG,82.6
2017,RXH,451.22277
2017,RXK,276.5687
2017,RXL,194.89759
2017,RXM,64.95
2017,RXN,345.965
2017,RXP,259.78296
2017,RXQ,243.15211
2017,RXR,272.825
2017,RXT,107.33182
2017,RXV,87.625
2017,RXW,238.00886
2017,RXX,88.9
2017,RXY,94.65
2017,RY1,3.2
2017,RY2,13.4125
2017,RY3,10.35
2017,RY4,9.625
2017,RY5,3.1
2017,RY6,23.85
2017,RY7,0.3
2017,RY8,2.1
2017,RY9,6
2017,RYG,69.9
2017,RYJ,619.25221
2017,RYK,35.90909
2017,RYR,285.97818
2017,RYV,36.435
2017,RYW,61.846
2017,RYX,4.51081
2017,RYY,18.15
2017,TAD,39.065
2017,TAF,52.8563
2017,TAH,40.625
2017,TAJ,39.7
2018,00M,0.26904
2018,00Q,1.414
2018,00Y,0.77778
2018,01A,0.42667
2018,01H,0.6
2018,01R,4.275
2018,02M,0.5
2018,03F,1
2018,05A,2.54546
2018,05F,1
2018,05J,0.37273
2018,05T,0.4
2018,05Y,0.2
2018,06F,0.6
2018,06K,0.3
2018,07H,0.5
2018,07P,1
2018,07W,0.2
2018,08A,0.4
2018,08J,0.1
2018,08K,0.1
2018,08N,1
2018,08P,0.538
2018,08R,0.5
2018,08T,0.1
2018,08X,0.6
2018,09D,0.04606
2018,09Y,0.046
2018,11X,0.069
2018,14L,0.8
2018,99P,0.4
2018,R0A,1022.00073
2018,R1A,49.08636
2018,R1C,42.43488
2018,R1D,6.669
2018,R1F,90.72245
2018,R1H,881.80524
2018,R1J,2.7
2018,R1K,447.54663
2018,R1L,91.45
2018,RA2,227.78954
2018,RA3,66.225
2018,RA4,94.655
2018,RA7,478.01836
2018,RA9,208.2775
2018,RAE,281.71073
2018,RAJ,199.21818
2018,RAL,613.20391
2018,RAN,107.40091
2018,RAP,187.36818
2018,RAS,167.5725
2018,RAT,116.8
2018,RAX,212.10713
2018,RBA,236.1717
2018,RBD,136.0796
2018,RBK,153.15
2018,RBL,238.7325
2018,RBN,236.875
2018,RBQ,81.65
2018,RBS,208.502
2018,RBT,133.275
2018,RBV,138.026
2018,RBZ,103.8785
2018,RC1,144.6947
2018,RC9,239.99761
2018,RCB,339.492
2018,RCD,128.26518
2018,RCF,115.9135
2018,RCU,153.3323
2018,RCX,123.9643
2018,RD1,234.66736
2018,RD3,182.407
2018,RD8,176.225
2018,RDD,220.2539
2018,RDE,402.60167
2018,RDR,22.7
2018,RDU,437.39546
2018,RDY,61.855
2018,RDZ,199.12159
2018,RE9,69.16667
2018,REF,284.776
2018,REM,240.26459
2018,REN,53.43
2018,REP,56.543
2018,RET,96.7105
2018,RF4,323.56935
2018,RFF,145.2792
2018,RFR,132.351
2018,RFS,173.12
2018,RGD,63.82
2018,RGM,101.0812
2018,RGN,304.01091
2018,RGP,114.125
2018,RGR,178.5865
2018,RGT,590.17086
2018,RH5,39.025
2018,RH8,315.186
2018,RHA,117.92613
2018,RHM,629.959
2018,RHQ,643.07727
2018,RHU,395.764
2018,RHW,277.9424
2018,RJ1,874.65472
2018,RJ2,307.34818
2018,RJ6,183.975
2018,RJ7,551.12409
2018,RJ8,39.425
2018,RJC,155.488
2018,RJE,481.01215
2018,RJL,178.0564
2018,RJN,83.45
2018,RJR,185.02727
2018,RJZ,780.68226
2018,RK5,178.394
2018,RK9,386.6
2018,RKB,406.72509
2018,RKE,161.70409
2018,RKL,111.1403
2018,RL1,80.45
2018,RL4,346.27959
2018,RLN,273.7835
2018,RLQ,121.1
2018,RLT,97.775
2018,RLY,25.675
2018,RM1,435.15568
2018,RM3,420.27823
2018,RMC,193.67
2018,RMP,114.362
2018,RMY,92.925
2018,RN3,208.00192
2018,RN5,296.922
2018,RN7,137.18909
2018,RNA,208.088
2018,RNK,32.121
2018,RNL,178.9599
2018,RNN,39.675
2018,RNQ,159.89
2018,RNS,208.75909
2018,RNU,107.80455
2018,RNZ,178.02227
2018,RP1,49.11818
2018,RP4,315.5577
2018,RP5,240.97218
2018,RP6,130.01
2018,RP7,49.25228
2018,RPA,192.65182
2018,RPC,69.9573
2018,RPG,86.85
2018,RPY,153.90909
2018,RQ3,287.82868
2018,RQ6,365.07054
2018,RQ8,220.53508
2018,RQM,423.63931
2018,RQW,160.75789
2018,RQX,167.47727
2018,RQY,96.1
2018,RR7,162.006
2018,RR8,886.16491
2018,RRE,92.42
2018,RRF,184.74659
2018,RRJ,70.72459
2018,RRK,957.76591
2018,RRP,99.51818
2018,RRV,578.05781
2018,RT1,90.72632
2018,RT2,90.496
2018,RT3,200.6
2018,RT5,101.425
2018,RTD,709.22273
2018,RTE,357.79927
2018,RTF,261.6855
2018,RTG,520.5633
2018,RTH,723.65523
2018,RTK,219.59054
2018,RTP,216.71581
2018,RTQ,54.925
2018,RTR,431.08131
2018,RTV,66.93
2018,RTX,228.73
2018,RV3,184.278
2018,RV5,190.43954
2018,RV9,37.7
2018,RVJ,397.10925
2018,RVN,113.9
2018,RVR,295.86409
2018,RVV,404.21722
2018,RVW,180.4436
2018,RVY,96.77909
2018,RW1,112.3
2018,RW4,73.623
2018,RW5,101.8
2018,RW6,372.0285
2018,RWA,405.01864
2018,RWD,315.58719
2018,RWE,686.31468
2018,RWF,256.58788
2018,RWG,238.93427
2018,RWH,295.91368
2018,RWJ,195.34629
2018,RWK,177.45
2018,RWP,278.98431
2018,RWR,102.18309
2018,RWV,67.975
2018,RWW,146.6016
2018,RWX,76.575
2018,RWY,229.33636
2018,RX1,699.43754
2018,RX2,124.48182
2018,RX3,157.24909
2018,RX4,163.47191
2018,RX8,0.442
2018,RXA,74.15
2018,RXC,226.30336
2018,RXE,40.75
2018,RXF,342.13275
2018,RXG,79.90909
2018,RXH,457.61709
2018,RXK,283.87046
2018,RXL,202.38959
2018,RXM,69.025
2018,RXN,362.4514
2018,RXP,275.3737
2018,RXQ,248.97672
2018,RXR,278.15
2018,RXT,112.85682
2018,RXV,97.9
2018,RXW,230.62427
2018,RXX,88.6
2018,RXY,91.25
2018,RY2,14.1542
2018,RY3,11.85
2018,RY4,9.025
2018,RY5,3.1
2018,RY6,26
2018,RY7,0.3
2018,RY8,2.1625
2018,RY9,7.3
2018,RYG,70.8
2018,RYJ,653.705
2018,RYK,36.4
2018,RYR,285.41618
2018,RYV,43.535
2018,RYW,65.6
2018,RYX,4.91081
2018,RYY,16.5
2018,TAD,40.24
2018,TAF,50.7
2018,TAH,38.025
2018,TAJ,39.7