ORG_CODE,YEAR,FINANCIAL_POSITION,OP_INCOME,OP_COST
RA2,2010,5982,233898,-223686
RA3,2010,2607,93199,-88779
RA4,2010,1089,106820,-105712
RA7,2010,13822,506620,-485914
RA9,2010,2522,212531,-208599
RAE,2010,4201.4292,318116.8959,-311931.5381
RAJ,2010,3436,248598,-240531
RAL,2010,6587,555783,-537751
RAN,2010,-911,102469,-101887
RAP,2010,3103,180593,-247513
RAS,2010,307,186612,-182833
RAT,2010,6872,170313,-166518
RAX,2010,2724,200066,-192742
RBA,2010,2405,239011,-232845
RBB,2010,81,20118,-20205
RBD,2010,-3098,147209,-147998
RBF,2010,882,82187,-77266
RBK,2010,3247,179749,-253556
RBL,2010,1021,280233,-274978
RBN,2010,296,252944,-267396
RBQ,2010,704,106320,-103633
RBS,2010,12931,177410,-162600
RBT,2010,1556,169760,-163320
RBV,2010,5479,181237,-177379
RBZ,2010,252,134710,-132351
RC1,2010,274,143694,-143622
RC3,2010,28,132949,-129918
RC9,2010,2993,211594,-206807
RCB,2010,592,247579,-245121
RCC,2010,1874,120611,-123032
RCD,2010,-551,125598,-123895
RCF,2010,225,127548,-125954
RCU,2010,2970,126053,-122816
RCX,2010,2778,164746,-159920
RD1,2010,4195,216361,-206836
RD3,2010,-4274,194711,-190525
RD7,2010,-13239.69688,223205.3031,-233618
RD8,2010,-6219,156914,-158602
RDD,2010,270,266711,-261732
RDE,2010,2188,225304,-224300
RDR,2010,675,189438,-188805
RDU,2010,7989,247286,-239769
RDY,2010,4004,88409,-81858
RDZ,2010,4014.8,234252,-225959.2
RE9,2010,324,105022,-101831
REF,2010,7544,310471,-303476
REM,2010,-444,268433,-270911
REN,2010,4835,69084,-65895
REP,2010,997,92578,-90156
RET,2010,2341,75589,-72146
RF4,2010,-32986,407107,-408838
RFF,2010,1053,153736,-151973
RFR,2010,-1474,184621,-183253
RFS,2010,10771,186411,-174695
RFW,2010,214,149638,-143152
RGC,2010,395,243828,-242146
RGD,2010,3791,127193,-119474
RGM,2010,5980,123150,-115845
RGN,2010,-637,224635,-386049
RGP,2010,4076,164167,-160749
RGQ,2010,1260,235136,-228141
RGR,2010,194,154318,-151909
RGT,2010,761,590409,-577613
RH5,2010,160,58036,-60588
RH8,2010,6867,350675,-338741
RHA,2010,6505,303957,-313320
RHM,2010,2859,514395,-506112
RHQ,2010,12459,803511,-788990
RHU,2010,159,446161,-423673
RHW,2010,2034.14803,302929.6247,-294938.4766
RHX,2010,161,39443,-40010
RJ1,2010,22418,992338,-953767
RJ2,2010,1058,222366,-214100
RJ6,2010,4913,241804,-231969
RJ7,2010,6459,604247,-593044
RJ8,2010,2515,75282,-70456
RJC,2010,2169,137272,-133077
RJD,2010,-13861,157789,-168178
RJE,2010,4141,418078,-409667
RJF,2010,9,146513,-143306
RJL,2010,-6346,292512,-295378
RJN,2010,806,118610,-116461
RJR,2010,1817,179541,-179186
RJX,2010,1168,56402,-53222
RJZ,2010,2466,585967,-567195
RK5,2010,556,257788,-384809
RK9,2010,18,391499,-383675
RKB,2010,4162,472923,-453168
RKE,2010,508,186300,-182907
RKL,2010,3970,253744,-242395
RL1,2010,1618,82357,-80654
RL4,2010,7964,306023,-289395
RLN,2010,2869,294687,-285350
RLQ,2010,46,121544,-115047
RLT,2010,112,108324,-106210
RLU,2010,506,89592,-93951
RLY,2010,698,86321,-83990
RM1,2010,4779,427024,-397382
RM2,2010,2453,348093,-335920
RM3,2010,6586.43956,346406.3157,-336261.8761
RM4,2010,319,96248,-95125
RMC,2010,1946,201109,-204074
RMP,2010,-1391,145477,-166131
RMY,2010,1826,134906,-130766
RN1,2010,147,146961,-143275
RN3,2010,0.243,202741,-187617
RN5,2010,1653,162205,-157760
RN7,2010,206,157195,-144226
RNA,2010,275,260349,-249430
RNH,2010,-7913,166706,-167794
RNJ,2010,6012,716314,-702294
RNK,2010,90,32385,-31976
RNL,2010,1356,222518,-212877
RNN,2010,2411,70738,-67900
RNQ,2010,1472,182657,-179839
RNS,2010,1109,236260,-230958
RNU,2010,4688.67,175896.67,-166422
RNZ,2010,35,178322,-172987
RP1,2010,367,110749,-110426
RP4,2010,8617,336307,-322991
RP5,2010,3348,330178,-322207
RP6,2010,10684.1217,148043,-135163.3728
RP7,2010,1060,95146,-94142
RPA,2010,-3518,218718,-217361
RPC,2010,2027,56821,-57473
RPG,2010,3883,159209,-152848
RPY,2010,5401,237314,-234686
RQ3,2010,6901.8,208782,-199775.2
RQ6,2010,4238,422274,-408825
RQ8,2010,3660,256086,-275444
RQM,2010,13805,331807,-308701
RQQ,2010,79,102255,-96562
RQW,2010,415,179388,-174887
RQX,2010,1897.78,188117,-187726.22
RQY,2010,2579,176230,-168174
RR1,2010,1216,561293,-561685
RR7,2010,3048.413,180827.85,-175661
RR8,2010,2051,934527,-905121
RRD,2010,1436,107350,-108776
RRE,2010,4066,161903,-155741
RRF,2010,4168,230886,-222132
RRJ,2010,1354,69375,-68467
RRK,2010,-6096.575,535705.425,-774989
RRP,2010,274,204547,-198542
RRU,2010,1002,283617,-279488
RRV,2010,11431.99437,745081,-692843.0056
RT1,2010,463,156091,-152218
RT2,2010,6445.7,138180.1,-128745.4
RT3,2010,4708.2,284020,-276804
RT5,2010,1700,138466,-144399
RT6,2010,335,87386,-91950
RTD,2010,124,783457,-756463
RTE,2010,1104,422713,-416325
RTF,2010,4486,319596,-308930
RTG,2010,1069.48712,422793.4871,-406227
RTH,2010,1289,663770,-625079
RTK,2010,3313,224599,-216306
RTP,2010,875,196030,-196626
RTQ,2010,1840,86425,-82254
RTR,2010,5886,474541,-445035
RTV,2010,2784.6,107242,-102482.4
RTX,2010,287,254422,-248627
RV3,2010,7916.16151,284962.0528,-279764.3026
RV5,2010,7378,372377,-358545
RV8,2010,258,370018,-358900
RV9,2010,2592,86286,-84038
RVJ,2010,7888,492883,-481888
RVL,2010,3154,348864,-335708
RVN,2010,3219,195955,-185708
RVR,2010,3332,334761,-326160
RVV,2010,8237,489764,-472861
RVW,2010,4853.98,267214.98,-259604
RVY,2010,853,153368,-148523
RW1,2010,1775,197664,-194165
RW3,2010,116,665282,-639382
RW4,2010,7359,200293,-189480
RW5,2010,2282,190441,-184551
RW6,2010,259,557007,-558537
RWA,2010,4701,480633,-470190
RWD,2010,-13880,392202,-399010
RWE,2010,1013,696257,-685085
RWF,2010,1710,322176,-333530
RWG,2010,7530,260398,-254475
RWH,2010,3328,340309,-333602
RWJ,2010,4576.573,222768,-214174.427
RWK,2010,3043.54651,255168.5465,-248919
RWN,2010,4719,202159,-191390
RWP,2010,287,321829,-309175
RWQ,2010,700,72788,-74563
RWR,2010,4397,211445,-203076
RWV,2010,616.2,129463,-126727.8
RWW,2010,1109,198893,-194276
RWX,2010,702.77903,116542.3,-113196.3075
RWY,2010,1352,320660,-304995
RX1,2010,5010,742215,-732073
RX2,2010,4600,224336,-226456
RX3,2010,7538,246706,-227946
RX4,2010,5152,313235,-300768
RX5,2010,849,86340,-85490
RX6,2010,3120,105991,-102672
RX7,2010,2065,252840,-249650
RX8,2010,237,195228,-194613
RX9,2010,467,161643,-159700
RXA,2010,6964,134596,-126915
RXC,2010,-4704,299623,-297881
RXE,2010,2332,117828,-112333
RXF,2010,983,430417,-484058
RXG,2010,3511,128347,-123680
RXH,2010,4512,439750,-440995
RXK,2010,2193,387870,-386961
RXL,2010,-4815,275027,-291462
RXM,2010,1134.030656,106839.3203,-105955.9573
RXN,2010,177.14991,371829,-368353.8501
RXP,2010,2082,341200,-319810
RXQ,2010,1026,345367,-327274
RXR,2010,723,342027,-340777
RXT,2010,935,228563,-224106
RXV,2010,3092,148539,-144476
RXW,2010,26,277980,-273157
RXX,2010,1355,170128,-165113
RXY,2010,13,182204,-177294
RY1,2010,2654,111406,-108752
RY2,2010,388,52583,-52180
RY3,2010,552,130709,-130027
RY4,2010,184,131588,-131330
RYA,2010,99,194076,-192906
RYC,2010,2364,222389,-221688
RYD,2010,3529,160439,-154154
RYE,2010,1383,137901,-134959
RYF,2010,1005,122488,-120338
RYG,2010,2936,148200,-141798
RYH,2010,2731,149606,-145820
RYJ,2010,5146,920256,-898266
RYK,2010,883,67918,-65612
RYQ,2010,-40864.66667,437687,-453170
RYR,2010,5234,361593,-346643
RYV,2010,513,102793,-102365
RYW,2010,686,251992,-251306
RYX,2010,2196,155379,-153196
RYY,2010,1429,131425,-129886
TAD,2010,104,115820,-112480
TAE,2010,-482,90382,-90831
TAF,2010,1871,141213,-136453
TAH,2010,2373,117147,-112737
TAJ,2010,622.8296,52244.51,-52405.9482
R1A,2011,1500,171083,-170718
R1C,2011,1863,193935,-192072
R1D,2011,1397,80802,-79208
R1E,2011,1527,204268,-202615
RA2,2011,3665,239904,-231936
RA3,2011,3610,95306,-94782
RA4,2011,1397,109077,-106648
RA7,2011,8154,533739,-515713
RA9,2011,4864.843,219407.843,-226766
RAE,2011,7743.1247,343878.0232,-334186.3441
RAJ,2011,267,250270,-245238
RAL,2011,8200,561371,-548647
RAN,2011,1102,111762,-109099
RAP,2011,669,181283,-191270
RAS,2011,-2085,190291,-188782
RAT,2011,8800,309029,-302518
RAX,2011,3184,204525,-196613
RBA,2011,1991,239391,-232889
RBB,2011,-106,21024,-20934
RBD,2011,593.4926,148201,-144848.5074
RBK,2011,4164,226983,-215691
RBL,2011,3198,284117,-277323
RBN,2011,305,263864,-273461
RBQ,2011,531.07,106799,-104597.93
RBS,2011,17024,189160,-170469
RBT,2011,3397,173754,-178878
RBV,2011,7062,185308,-189259
RBZ,2011,1719,211041,-214543
RC1,2011,197,212893,-208489
RC3,2011,2304,234630,-229374
RC9,2011,2494.6774,220552.1865,-215792.5091
RCB,2011,451,296435,-292456
RCC,2011,1899,125608,-123314
RCD,2011,943,169131,-165917
RCF,2011,-156,138179,-138688
RCU,2011,5742,149055,-141816
RCX,2011,1050,165017,-161800
RD1,2011,6215,223678,-211557
RD3,2011,955,195686,-192737
RD7,2011,-13873.945,221573.055,-232800
RD8,2011,-4307.369,163456.076,-163312.998
RDD,2011,4964,270750,-260484
RDE,2011,11092,245496,-228927
RDR,2011,1918,185342,-182481
RDU,2011,6230,259835,-251658
RDY,2011,10753,214339,-201962
RDZ,2011,5439.0985,239763,-231179.9015
RE9,2011,1546,217662,-213145
REF,2011,4437,314246,-307542
REM,2011,1946,278121,-280769
REN,2011,3419,75296,-70872
REP,2011,4026,94364,-89488
RET,2011,2428,81202,-77759
RF4,2011,-49912.60163,419120.8438,-442158.4375
RFF,2011,665,160891,-158688
RFR,2011,313,232727,-236162
RFS,2011,9536,191386,-179690
RFW,2011,1777,148943,-140838
RGC,2011,-6376,251300,-255953
RGD,2011,4833.3668,181166,-172515.6332
RGM,2011,6450,129291,-121552
RGN,2011,-45772,207796,-242098
RGP,2011,3080,167172,-163302
RGQ,2011,137,238150,-231730
RGR,2011,824,159501,-156821
RGT,2011,-2457,617338,-607168
RH5,2011,1639,147192,-145640
RH8,2011,3030,350594,-339647
RHA,2011,6896,419620,-407966
RHM,2011,1955,537981,-529905
RHQ,2011,7078.1051,861716.1051,-840900
RHU,2011,148,440231,-421113
RHW,2011,1015.936,317414.248,-309039.312
RHX,2011,59,39942,-40262
RJ1,2011,18262,1136426,-1104483
RJ2,2011,1427,229184,-220150
RJ6,2011,3967,236941,-228006
RJ7,2011,6101,620411,-608977
RJ8,2011,2338,87239,-82772
RJC,2011,3022,204864,-199990
RJD,2011,-19911,155742,-172211
RJE,2011,1050,426319,-543602
RJF,2011,-3042,171527,-173436
RJL,2011,397,315896,-311480
RJN,2011,277,176835,-174521
RJR,2011,1283,185536,-184308
RJX,2011,1018,59677,-57217
RJZ,2011,3658,628615,-607594
RK5,2011,-6196.8499,266081,-243407.8499
RK9,2011,15,391862,-387634
RKB,2011,1465,484816,-476839
RKE,2011,1120,278212,-275970
RKL,2011,4881,244907.3906,-231662.3906
RL1,2011,1654,84046,-81072
RL4,2011,9297,374417,-356059
RLN,2011,3783,306021,-295614
RLQ,2011,-1958,171898,-163038
RLT,2011,45,117011,-115277
RLU,2011,115.6,88366,-87142.4
RLY,2011,891,83063,-89161
RM1,2011,14033,446529,-406477
RM2,2011,2100,385780,-377166
RM3,2011,6720.3557,393626.3816,-401846.8669
RM4,2011,482,98904,-100880
RMC,2011,-1877,283129,-291060
RMP,2011,-5727,145387,-147179
RMY,2011,-3227.9391,221038,-224622
RN3,2011,535.9,290474.6,-275273.7
RN5,2011,1173,315200.6431,-319766.6337
RN7,2011,393,169244,-154380
RNA,2011,967,285312,-273406
RNH,2011,-176,172631,-168127
RNJ,2011,2612,819715,-1068658
RNK,2011,-1077,33249,-33994
RNL,2011,1095,227483,-215126
RNN,2011,10405,167806,-160077
RNQ,2011,1110,189643,-183866
RNS,2011,504,255481,-253157
RNU,2011,5369.2039,272508.9307,-265483.1746
RNZ,2011,1139,184525,-178252
RP1,2011,2357,185117,-176599
RP4,2011,6757,365779,-341332
RP5,2011,4351,335759,-326443
RP6,2011,6751.4709,150985,-143128.3871
RP7,2011,1854,97943,-96213
RPA,2011,-972,227856,-223456
RPC,2011,2439,55887,-54344
RPG,2011,8764,200492,-193184
RPY,2011,20276,311586,-300617
RQ3,2011,10814,223958,-210843
RQ6,2011,5472,424633,-410177
RQ8,2011,-2156,262953,-253228
RQM,2011,13638,342805,-319002
RQQ,2011,186,107259,-103275
RQW,2011,461,180790,-181739
RQX,2011,6169.17,243676.51,-235066.24
RQY,2011,2158,167281,-159716
RR1,2011,6674.784,607030,-592863.48
RR7,2011,7355.562,189116.218,-179680.165
RR8,2011,4207,970709,-944494
RRD,2011,1114,105757,-102813
RRE,2011,7797.8259,167009,-165499.1741
RRF,2011,2904,246600,-238969
RRJ,2011,2161,71242,-68812
RRK,2011,-1947,586640,-601479
RRP,2011,2023,190725,-192736
RRU,2011,2751,281731,-274022
RRV,2011,12697.4113,773704.0435,-751378.7243
RT1,2011,367,164075,-159553
RT2,2011,6096,241633,-237726
RT3,2011,1807,300160,-293260
RT5,2011,6562,282464,-275783
RTD,2011,8699,858090,-834365
RTE,2011,810.6,432563,-419278.4
RTF,2011,8178,415361,-416291
RTG,2011,-2719,455258.639,-428903.639
RTH,2011,7157,788220,-751228
RTK,2011,2011,227423,-221444
RTP,2011,-6056,209582,-212394
RTQ,2011,3599,110679,-105586
RTR,2011,3173,522789,-509756
RTV,2011,2696.277,152186.277,-147167
RTX,2011,-2286,252271,-263180
RV3,2011,13703.9768,375768.3713,-358058.9293
RV5,2011,5408,364840,-352868
RV8,2011,-7534,385707,-389740
RV9,2011,3836.946,134029.972,-131456.097
RVJ,2011,9002,519430,-583849
RVL,2011,2221,351005,-339264
RVN,2011,3541,192190,-181200
RVR,2011,-12277,331320,-343567
RVV,2011,9250.5,490341.1,-473317.6
RVW,2011,6273.2,274754,-285524.8
RVY,2011,204,178182,-173861
RW1,2011,3672,322136,-314813
RW3,2011,5394,808867,-725055
RW4,2011,5.00E+03,196181,-192847
RW5,2011,7397,317721,-311081
RW6,2011,3553,578090,-573310
RWA,2011,4878,499538,-469803
RWD,2011,320,407975,-408748
RWE,2011,88,719154,-734649
RWF,2011,300,345101,-360560
RWG,2011,3657,266716,-257018
RWH,2011,3568,346402,-337607
RWJ,2011,3575,259134,-251985
RWK,2011,6966,260976,-250823
RWN,2011,3421,314103,-305398
RWP,2011,88,336594,-323272
RWR,2011,2661,211684,-206376
RWV,2011,789,140003,-138081
RWW,2011,1271,201190,-196661
RWX,2011,2845.0686,218575.0337,-213241.9651
RWY,2011,996,341260,-323667
RX1,2011,4764,784605,-818315
RX2,2011,601.8406,236249.0991,-266475.2679
RX3,2011,11250,271228,-257912
RX4,2011,7967,307973,-310842
RX5,2011,404,89727,-89838
RX6,2011,3338,106681,-102440
RX7,2011,1558,259176,-256475
RX8,2011,428,200333,-198108
RX9,2011,2409,169533,-165358
RXA,2011,3994.368,160019,-153454.632
RXC,2011,87,385281,-379129
RXE,2011,4325,170026,-166679
RXF,2011,-19217,456954,-441789
RXG,2011,6341,231055,-223486
RXH,2011,42,574218,-579622
RXK,2011,1863,424144,-411792
RXL,2011,4396,284205,-274645
RXM,2011,17.4166,118083.4166,-115664
RXN,2011,-881.0097,387271.2003,-384121.21
RXP,2011,10979,476245,-471920
RXQ,2011,2848,340397,-320266
RXR,2011,3025,389797,-364585
RXT,2011,1103,223688,-212652
RXV,2011,9826,154793,-144804
RXW,2011,59,299850,-295903
RXX,2011,-19431,147914,-163202
RXY,2011,538,178468,-173259
RY1,2011,3530,143021,-139496
RY2,2011,1804,166304,-164521
RY3,2011,637,127725,-126985
RY4,2011,1030,127203,-126082
RY5,2011,1081,108738,-107669
RY6,2011,2577,134978,-132445
RY7,2011,717,65026,-64325
RY8,2011,1419,184147,-182718
RY9,2011,1667,54480,-52821
RYA,2011,925,197299,-195237
RYC,2011,3121,226874,-222579
RYD,2011,3436,170042,-164011
RYE,2011,2108,138781,-136048
RYF,2011,1903,126672,-123828
RYG,2011,4589,207689,-198778
RYH,2011,488,143801,-142881
RYJ,2011,-8419,941690,-938288
RYK,2011,1163,67298,-63335
RYQ,2011,-65063,438949,-490765
RYR,2011,5350,367816,-351185
RYV,2011,681,158331,-157750
RYW,2011,2559,255892,-253604
RYX,2011,3835,190946,-187195
RYY,2011,1470,210135,-208666
TAD,2011,108,167091,-170101
TAE,2011,1516,103633,-101870
TAF,2011,5415,137393,-132652
TAH,2011,1991,122547,-118466
TAJ,2011,-482.4925,109386.3627,-109273.654
R1A,2012,2522,170835,-167479
R1C,2012,776,192146,-191329
R1D,2012,1496,79679,-78231
R1E,2012,2004,372746,-370789
R1F,2012,543,168757,-168243
R1G,2012,102,142157,-142082
R1H,2012,409,1324338,-1332826
RA2,2012,4787,257441,-250316
RA3,2012,2250,96789,-93529
RA4,2012,491,116369,-114452
RA7,2012,5770,514832,-500261
RA9,2012,2649,231667,-229961
RAE,2012,6107.6318,356575.4857,-347484.1263
RAJ,2012,1207,257747,-252125
RAL,2012,11956,577061,-585190
RAN,2012,2078,120802,-117641
RAP,2012,1973,183991,-176684
RAS,2012,-1822.5,194541,-192731.5
RAT,2012,6349,315771,-310421
RAX,2012,3276.03864,208643,-200147.9688
RBA,2012,3364,256322,-250597
RBB,2012,977,22075,-19161
RBD,2012,3904,152853,-146249
RBK,2012,3853,228409,-216672
RBL,2012,3241,296992,-290510
RBN,2012,700,278572,-251416
RBQ,2012,923,112036,-112788
RBS,2012,12134,188124,-216847
RBT,2012,1419,177195,-181549
RBV,2012,11687,199543,-190764
RBZ,2012,2205,220680,-219911
RC1,2012,1224,223009,-218617
RC3,2012,111,234084,-230999
RC9,2012,858,230664,-227101
RCB,2012,4908,404448,-397909
RCC,2012,11,31580,-30974
RCD,2012,612,173075,-170146
RCF,2012,1151,141432,-137968
RCU,2012,4281,153907,-148441
RCX,2012,-829,167381,-165913
RD1,2012,9240,233585,-219646
RD3,2012,1288,202421,-208078
RD7,2012,-6888.7201,241766,-253857.7831
RD8,2012,-8835.0673,162505.709,-166394.7763
RDD,2012,235,279310,-271558
RDE,2012,8981,257808,-244138
RDR,2012,1901,187995,-185515
RDU,2012,12023,279594,-267408
RDY,2012,12632,226887,-213146
RDZ,2012,3848,249180,-241482
RE9,2012,-1436.6,217479,-217379.6
REF,2012,9809,323341,-314464
REM,2012,1270,280696,-274597
REN,2012,5217,83449,-78687
REP,2012,1116.6,94787.6,-94043
RET,2012,13920.6,102515,-87567.4
RF4,2012,-39492.39837,438354,-477954.4063
RFF,2012,1313,167598,-164218
RFR,2012,-3806,234209,-237836
RFS,2012,4526,197316,-191344
RFW,2012,1742,154187,-145946
RGD,2012,5139,180170,-171804
RGM,2012,6485,134931,-127127
RGN,2012,-39038,219045,-246247
RGP,2012,3048,173174.291,-169727.4383
RGQ,2012,205,236732,-229899
RGR,2012,1581,165564,-161989
RGT,2012,4080,661224,-644433
RH5,2012,1402,149655,-148205
RH8,2012,1259,367008,-381253
RHA,2012,8181,425649,-417092
RHM,2012,6543,581027,-572361
RHQ,2012,5832,909487,-893810
RHU,2012,4293,451906,-433600
RHW,2012,538.0318,333417.0023,-353623.9705
RHX,2012,238,23243,-25159
RJ1,2012,11006.9004,1168963,-1163749
RJ2,2012,1750,241470,-239328
RJ6,2012,199,243551,-238775
RJ7,2012,6286,641768,-628526
RJ8,2012,2474,83912,-78984
RJC,2012,2479.935,215445,-211442.065
RJD,2012,-14739,159083,-170300
RJE,2012,235,473558,-513032
RJF,2012,-2826,174721,-174644
RJL,2012,-309,320173,-315151
RJN,2012,5535,185725,-179102
RJR,2012,833,193217,-197469
RJX,2012,979,62629,-60790
RJZ,2012,3212,679260,-667894
RK5,2012,-15464,255784,-252845
RK9,2012,49,405822,-407790
RKB,2012,1916,509163,-506177
RKE,2012,3614,281343,-277753
RKL,2012,3834,233729,-247961
RL1,2012,588,88832,-90189
RL4,2012,8688,384917,-368406
RLN,2012,1988,309549,-301013
RLQ,2012,294,175798,-170490
RLT,2012,32,122494,-120848
RLU,2012,316,93053,-91566
RLY,2012,1671,79487,-76999
RM1,2012,6257,454661,-421003
RM2,2012,396,431923,-419853
RM3,2012,11639.6747,429264.2477,-425038.5041
RMC,2012,-23667,282108,-306391
RMP,2012,679,160154,-162304
RMY,2012,-1664.0947,219387,-218051.8465
RN3,2012,3672,302962,-275766
RN5,2012,3090,323830,-322048
RN7,2012,361,177204,-163136
RNA,2012,2898,298441,-283212
RNK,2012,-737,36163,-36539
RNL,2012,203,235295,-243814
RNN,2012,5388,170782,-168492
RNQ,2012,-2917,193122,-206304
RNS,2012,399,271295,-267764
RNU,2012,6907.3364,279797.4035,-272210.308
RNZ,2012,2427,183427,-176927
RP1,2012,655,180549,-178643
RP4,2012,15922.1113,371834,-353870.8888
RP5,2012,4585,341651,-332666
RP6,2012,4578.3878,158074,-151665.3135
RP7,2012,5090,102430,-96803
RPA,2012,-1780,237626,-234769
RPC,2012,4112,61267,-54490
RPG,2012,8506,201602,-192116
RPY,2012,10777,321355,-320717
RQ3,2012,8793,233709,-225082
RQ6,2012,7420,440705,-425551
RQ8,2012,1100,275179,-267886
RQM,2012,13043.077,345918,-322133.82
RQQ,2012,-3,110564,-107271
RQW,2012,122,184568,-181456
RQX,2012,3828.7396,255575.0425,-252107.8909
RQY,2012,1670,163195,-162564
RR1,2012,12923,628962,-653379
RR7,2012,3517.159,190424.665,-184425.912
RR8,2012,3089,1002444,-977749
RRD,2012,1767,108782,-107476
RRE,2012,5520,171889,-190261
RRF,2012,4084.612,249737,-245931.388
RRJ,2012,2521,71008,-67611
RRK,2012,3678,640031,-624941
RRP,2012,2021,190518,-189372
RRU,2012,262,303109,-299021
RRV,2012,18981.0188,842992.4,-798800.1095
RT1,2012,948.304,125823,-121129.696
RT2,2012,265,243961,-246058
RT3,2012,4091,316858,-306568
RT5,2012,4228,281886,-276789
RTD,2012,26824,894749,-873899
RTE,2012,7595,444805,-433578
RTF,2012,16486,436685,-425022
RTG,2012,185.601,454646,-439607.545
RTH,2012,3354,821705,-794214
RTK,2012,3357.12,232269.98,-223932.86
RTP,2012,254,226016,-222191
RTQ,2012,2765,105633,-102201
RTR,2012,915,532252,-517412
RTV,2012,2351.9102,152744,-150688.0898
RTX,2012,-23221,261961,-281001
RV3,2012,9713.5779,376239.6963,-367536.5283
RV5,2012,4035,371446,-362228
RV8,2012,-20456,380237,-419401
RV9,2012,3410.5,134168,-133847
RVJ,2012,7002,529896,-541647
RVL,2012,639,358508,-349928
RVN,2012,2936,194609,-184900
RVR,2012,-12094,343567,-349883
RVV,2012,8837.3,501484.6,-489624.3
RVW,2012,12242.6,278161,-269022.4
RVY,2012,1258,181098,-182142
RW1,2012,3691,332601,-326115
RW3,2012,22593,884252,-845386
RW4,2012,4.00E+03,208526,-206965
RW5,2012,6532,321739,-314233
RW6,2012,25,569840,-584479
RWA,2012,5420,497132,-489715
RWD,2012,124,422802,-421592
RWE,2012,91,758665,-745863
RWF,2012,129,367391,-351895
RWG,2012,1904,278230,-274881
RWH,2012,532,350543,-357888
RWJ,2012,3360,290194,-283779
RWK,2012,7188,261382,-253089
RWN,2012,3785.0361,323863,-312969.9639
RWP,2012,17,348763,-334825
RWR,2012,5927,203615,-196017
RWV,2012,3529,140888,-136785
RWW,2012,880,208366,-205589
RWX,2012,1660.4975,221619.7736,-217641.2762
RWY,2012,3816.2462,351313.9689,-339818.1099
RX1,2012,9133,812969,-796840
RX2,2012,2903.267,238009.5035,-229284.9179
RX3,2012,14772,293441,-279042
RX4,2012,14534,316442,-304991
RX5,2012,496,74654,-73594
RX6,2012,2768,110392,-111908
RX7,2012,2707,261312,-259335
RX8,2012,2223,209772,-207186
RX9,2012,30,155041,-153483
RXA,2012,3543.336,161403,-155534.664
RXC,2012,522,387400,-380383
RXE,2012,1788,170479,-165993
RXF,2012,-21839,460792,-483010
RXG,2012,6044.96,232445.788,-224980.828
RXH,2012,3288,606074,-596375
RXK,2012,6523,433007,-429143
RXL,2012,-766,367724,-358149
RXM,2012,1484.1142,124672,-121258.8858
RXN,2012,-411,402237,-401622
RXP,2012,18438,483702,-459564
RXQ,2012,299,350921,-342935
RXR,2012,8011,404986,-387110
RXT,2012,1512.5865,223929.6778,-219536.6719
RXV,2012,7989,157135,-149277
RXW,2012,81,309362,-300795
RXX,2012,-7641,165178,-193855
RXY,2012,1202,172902,-169348
RY1,2012,3123,146648,-143587
RY2,2012,1715,175302,-173589.6563
RY3,2012,2683,124843,-122095
RY4,2012,1308,129082,-127767
RY5,2012,1473,108773,-107290
RY6,2012,1809,139906,-137885
RY7,2012,917,66494,-65589
RY8,2012,2880,188398,-185638
RY9,2012,704,59339,-58649
RYA,2012,5635,205646,-201743
RYC,2012,4175,235499,-232596
RYD,2012,3363.817,174029,-168785.183
RYE,2012,1560,144403,-140923
RYF,2012,1942,147210,-143962
RYG,2012,6701,205782,-194442
RYH,2012,-48053,142406,-213870
RYJ,2012,9025,971274,-988644
RYK,2012,3575,71302,-67829
RYQ,2012,-44718,451584,-490842
RYR,2012,5034,367758,-3.67E+05
RYV,2012,1632,161921,-160369
RYW,2012,2953,249066,-246326
RYX,2012,1766,193270,-191507
RYY,2012,2150.94,213808,-211698
TAD,2012,1462,135858,-136257
TAE,2012,1052,106305,-108308
TAF,2012,2882,131965,-127238
TAH,2012,3684.029,128382,-122993.971
TAJ,2012,1587,108259,-105661
R1A,2013,2920,172314,-171213
R1C,2013,1858,187756,-185792
R1D,2013,234,76105,-76050
R1E,2013,509,367539,-369781
R1F,2013,1613,171867,-170029
R1G,2013,4029,154554,-153566
R1H,2013,-38270,1288172,-1355281
R1J,2013,2006.226,108979.8359,-112672.3594
RA2,2013,3249,281322,-273965
RA3,2013,-4683,96826,-100101
RA4,2013,-80,117922,-116789
RA7,2013,6838,554406,-549283
RA9,2013,35.1765,240989.1765,-239551
RAE,2013,3760.1963,363837,-356586.8037
RAJ,2013,3,270682,-267403
RAL,2013,8086,593741,-607852
RAN,2013,5912,132331,-128856
RAP,2013,10662,216083,-215278
RAS,2013,294,204301,-199610
RAT,2013,11024,340426,-325314
RAX,2013,2510.15574,210630.2112,-202405.856
RBA,2013,-2369,251596,-263400
RBB,2013,-1202,18453,-19517
RBD,2013,1542.9994,153700,-149797.0006
RBK,2013,565,237049,-216714
RBL,2013,-3220,300889,-299006
RBN,2013,1150,288448,-271813
RBQ,2013,51,114447,-111161
RBS,2013,16765.7975,193475,-178506.2025
RBT,2013,1249,183514,-196135
RBV,2013,16396,221138,-205633
RBZ,2013,2240,225787,-221702
RC1,2013,-8703,158810,-165007
RC3,2013,220,250871,-247657
RC9,2013,238.8315,244452.9462,-241265.6614
RCB,2013,2738,443835,-437917
RCD,2013,5773,187949,-184660
RCF,2013,1056,146963,-145279
RCU,2013,2414,159611,-155369
RCX,2013,-12729,166165,-176589
RD1,2013,5206,240945,-230666
RD3,2013,255,210640,-208373
RD7,2013,-9564.22,252925,-259392.22
RD8,2013,-16758.18,173134.82,-185501
RDD,2013,-8701,288356,-290153
RDE,2013,-1760,268897,-266442
RDR,2013,1892,194696,-193531
RDU,2013,7606,291895,-280945
RDY,2013,2559,242483,-240077
RDZ,2013,173,260756,-256289
RE9,2013,-1024.043,214762,-213982.043
REF,2013,3938,332819,-334563
REM,2013,7097,297195,-286857
REN,2013,9483.6079,97879.6153,-88520.5529
REP,2013,266.736,94260.736,-92313
RET,2013,1342,97785,-95286
RF4,2013,-37754,457495,-469474
RFF,2013,-7420,169730,-177650
RFR,2013,-545,235112,-235997
RFS,2013,2074,210587,-205243
RFW,2013,-5014,154980,-153293
RGD,2013,8699,179946,-166591
RGM,2013,5333.544,142494.459,-135950.915
RGN,2013,-36757,233149,-258433
RGP,2013,2272.2114,174276.6152,-171278.4453
RGQ,2013,50,249439,-243120
RGR,2013,-3639,172283,-173855
RGT,2013,-8392,702673,-698194
RH5,2013,4917,158499,-169617
RH8,2013,-3111,384723,-386609
RHA,2013,10033,436891,-413391
RHM,2013,868,618066,-609795
RHQ,2013,8610,932870,-912723
RHU,2013,830,469094,-448725
RHW,2013,-6593.3265,343755,-344018.3265
RJ1,2013,24812.1132,1241256.113,-1198417
RJ2,2013,242,382097,-372096
RJ6,2013,-19683,244595,-264414
RJ7,2013,6032,664717,-649212
RJ8,2013,2072,87192,-85732
RJC,2013,2109,226834,-222741
RJD,2013,-24830,159203,-180478
RJE,2013,-19301,475330,-480233
RJF,2013,-1694,180149,-179196
RJL,2013,-5271,321010,-323116
RJN,2013,262,180080,-178241
RJR,2013,766,201450,-209774
RJX,2013,230,64420,-62849
RJZ,2013,-3145,892054,-871875
RK5,2013,-23501.8293,266158.1707,-269808
RK9,2013,-12988,410207,-412617
RKB,2013,214,528881,-491842
RKE,2013,1165,297397,-294953
RKL,2013,5668,231518,-234968
RL1,2013,1628,91115,-88222
RL4,2013,7891,394045,-376070
RLN,2013,-373,324315,-321043
RLQ,2013,1029,173450,-169731
RLT,2013,-10165,126638,-135190
RLU,2013,964,92838,-91114
RLY,2013,31,87471,-85880
RM1,2013,5212,479877,-446438
RM2,2013,-146,491063,-482408
RM3,2013,5834.6284,460694.1204,-437749.9241
RMC,2013,-7778,284241,-288872
RMP,2013,-3618,166465,-161419
RMY,2013,1819.404,216823,-210444.59
RN3,2013,97.2794,308102.4,-309166.9206
RN5,2013,259,343893,-341186
RN7,2013,1834,209942,-195394
RNA,2013,-2437,316868,-306466
RNK,2013,1337,40367,-38930
RNL,2013,-27133,230580,-242845
RNN,2013,-146,174040,-179050
RNQ,2013,-6503,200360,-205946
RNS,2013,197,276894,-270616
RNU,2013,2881.7407,286069.3829,-286373.4777
RNZ,2013,2925,199493,-191321
RP1,2013,-342,180130,-178768
RP4,2013,28780,413910,-374052
RP5,2013,1401,350910,-342053
RP6,2013,9282.7062,173865.0831,-162517.816
RP7,2013,553,100480,-99211
RPA,2013,-10361,252793,-258376
RPC,2013,2758,62394,-61351
RPG,2013,3457.7829,213009,-219565
RPY,2013,1656,337156,-330753
RQ3,2013,8599,246098,-235249
RQ6,2013,11025,457382,-494821
RQ8,2013,-19348,261638,-266955
RQM,2013,6230,365972,-348145
RQQ,2013,0,111639,-107717
RQW,2013,-16403,177739,-191389
RQX,2013,743.47,261249.4,-257657.93
RQY,2013,1953,160043,-151601
RR1,2013,-1288,635943,-636829
RR7,2013,-736.607,203425.986,-216767.934
RR8,2013,1615,1044916,-1021654
RRD,2013,-10340,112749,-124902
RRE,2013,4131,178507,-172323
RRF,2013,3249,262465,-263354
RRJ,2013,2258,76245,-75461
RRK,2013,4940,715889,-665284
RRP,2013,595,192748,-189011
RRU,2013,262,303827,-298722
RRV,2013,4060.4774,912630.2765,-855804.2386
RT1,2013,-199,124997,-127128
RT2,2013,4617,283615,-279859
RT3,2013,4540.51,339932,-333090.49
RT5,2013,2911,267367,-259477
RTD,2013,14087,944807,-892142
RTE,2013,3543.85,466682,-443371.15
RTF,2013,-36757,449475,-490746
RTG,2013,-8247.255,470551.067,-471509.322
RTH,2013,10895,868346,-823359
RTK,2013,1392,245897,-239161
RTP,2013,298,231702,-227900
RTQ,2013,1093,106915,-103617
RTR,2013,-4971,550547,-537404
RTV,2013,2974,152019,-153746
RTX,2013,-18809,270558,-285417
RV3,2013,419.2326,439471.1271,-433227.8413
RV5,2013,6481,363357,-373220
RV8,2013,-23334,418023,-435526
RV9,2013,3185.4,132586,-129369.5
RVJ,2013,5605,541376,-697389
RVL,2013,-15836,339640,-345988
RVN,2013,2784,197437,-187431
RVR,2013,-7400,356010,-366233
RVV,2013,4373.11,525844.4,-511902.29
RVW,2013,2702.576,278576.3,-271824.9202
RVY,2013,1950,189224,-184360
RW1,2013,1296,353918,-348539
RW3,2013,6409,921952,-892432
RW4,2013,4750,207876,-202902
RW5,2013,4658,325416,-316718
RW6,2013,53,567664,-565395
RWA,2013,5943,506703,-493672
RWD,2013,-25813,425524,-445793
RWE,2013,-39655,770393,-799271
RWF,2013,-12374,375714,-388167
RWG,2013,-13370,291119,-298331
RWH,2013,109.1,365313,-359973.9063
RWJ,2013,953.8811,293744.3842,-288848.3531
RWK,2013,7500,276647,-265459
RWN,2013,1030.8429,324531,-319205.1571
RWP,2013,-14191,346029,-347324
RWR,2013,2290,198408,-194736
RWV,2013,3392,131775,-126799
RWW,2013,-2301,212729,-211534
RWX,2013,2396.9578,222197.4522,-215764.4944
RWY,2013,2611.4056,353634.4978,-339235.5995
RX1,2013,701,847938,-839175
RX2,2013,4130.0707,246709.7917,-236803.0958
RX3,2013,11712,290974,-269538
RX4,2013,3235,301260,-393744
RX6,2013,1296,114694,-113558
RX7,2013,2786,261944,-259421
RX8,2013,2633,233384,-228595
RX9,2013,61,150131,-147868
RXA,2013,2553,159545,-155725
RXC,2013,-23094,364240,-391123
RXE,2013,1964,167275,-164847
RXF,2013,-19171,456810,-462654
RXG,2013,6526.421,235755.172,-230625.859
RXH,2013,5114,558555,-558345
RXK,2013,6751,439022,-434462
RXL,2013,2276.15,373205,-380418.85
RXM,2013,1870,127549,-123801
RXN,2013,-2226,415237,-414689
RXP,2013,3894,506430,-485828
RXQ,2013,320,359449,-337207
RXR,2013,6600,420579,-410416
RXT,2013,2929.0341,241377.0274,-225499.8262
RXV,2013,8416.1837,157587,-149177.8163
RXW,2013,65,314106,-311421
RXX,2013,5620,155808,-151580
RXY,2013,1607,174924,-171605
RY1,2013,3008,139252,-136296
RY2,2013,1601,147310,-145740
RY3,2013,4630,123266,-120137
RY4,2013,1460,130747,-129314
RY5,2013,1825,109612,-107814
RY6,2013,1425,142863,-140189
RY7,2013,923,69760,-78130
RY8,2013,2892,183711,-181357
RY9,2013,2792,64212,-61908
RYA,2013,2665,213061,-209779
RYC,2013,379,237725,-239309
RYD,2013,-175,189438,-187068
RYE,2013,1687,162410,-158881
RYF,2013,3162,225618,-223335
RYG,2013,6798,206256,-197380
RYH,2013,-25109,78876,-109546
RYJ,2013,15128,979312,-1062284
RYK,2013,1936,65388,-59771
RYQ,2013,-20243,232197,-341025
RYR,2013,1364,385925,-383766
RYV,2013,777,157589,-156789
RYW,2013,3282,255301,-252325
RYX,2013,1735,196191,-194326
RYY,2013,2511,229527,-227063
TAD,2013,3524,131540,-127988
TAE,2013,29,104676,-104230
TAF,2013,6582,137627,-132978
TAH,2013,3399,130030,-125985
TAJ,2013,1068.194,102616.5777,-102483.8995
R1A,2014,2828,171461,-166825
R1C,2014,-6274,187240,-190164
R1D,2014,352,75286,-74448
R1E,2014,-3747,372486,-373167
R1F,2014,15,174386,-173587
R1G,2014,3822,155667,-152022
R1H,2014,-79642,1319964,-1393951
R1J,2014,1508,114111,-110079
R1K,2014,-24935,346730,-370220
RA2,2014,2824,316528,-309247
RA3,2014,-3902,100378,-102955
RA4,2014,-7443.03,120671.59,-129768.62
RA7,2014,13864,589337,-594496
RA9,2014,-3024,245216,-250464
RAE,2014,3557,364576,-359492
RAJ,2014,-9834.041,273875.048,-279156.34
RAL,2014,-1175,918785,-908971
RAN,2014,235,130490,-129067
RAP,2014,415,244386,-235089
RAS,2014,829.7,221828.7,-225839
RAT,2014,-1054,338924,-336664
RAX,2014,264.5873,225623.7909,-223264.1606
RBA,2014,254,260633,-255137
RBB,2014,-1505,16550,-18145
RBD,2014,-492.7004,158349.451,-156608.1514
RBK,2014,-12861,239491,-246564
RBL,2014,-4681,306325,-306519
RBN,2014,-2551,301674,-285797
RBQ,2014,-334,121918,-117288
RBS,2014,16769,210032,-191736
RBT,2014,-775,191667,-191720
RBV,2014,1496,235854,-224529
RBZ,2014,2337,234685,-229120
RC1,2014,-19754,164094,-180919
RC3,2014,-9067,123935,-130923
RC9,2014,65.9413,259682.286,-256138.3447
RCB,2014,-1884,453338,-452527
RCD,2014,10,186810,-185114
RCF,2014,58,157701,-159342
RCU,2014,-172,166549,-164206
RCX,2014,-14802,166006,-178234
RD1,2014,1657,266487,-265341
RD3,2014,-3435,215781,-218011
RD7,2014,-11846.54,131037,-141311.54
RD8,2014,-24884.817,179308.638,-199596.236
RDD,2014,-23738,294374,-311361
RDE,2014,-22174,267714,-284670
RDR,2014,951,197091,-195519
RDU,2014,361,465294,-460482
RDY,2014,-591,246001,-243355
RDZ,2014,-5112,266539,-267555
RE9,2014,-2692,208235,-209072
REF,2014,-6908,342503,-360734
REM,2014,84,314011,-311428
REN,2014,8350.2325,101858.3194,-93319.412
REP,2014,-2725,97266,-98070
RET,2014,1051,101064,-100457
RF4,2014,-37950,477993,-475141
RFF,2014,-11800,172950,-183157
RFR,2014,139,242705,-240019
RFS,2014,503,213716,-207095
RFW,2014,-7833,167388,-168338
RGD,2014,6625,179500,-169571
RGM,2014,-838,144304,-183704
RGN,2014,-38521,247782,-273442
RGP,2014,288.5093,179925.9684,-178137.1354
RGQ,2014,-11893,250597,-256732
RGR,2014,-5087,173243,-176858
RGT,2014,-16889,707688,-709845
RH5,2014,508,166951,-161644
RH8,2014,-11218,399133,-403751
RHA,2014,8298,446326,-420335
RHM,2014,5093,674530,-657129
RHQ,2014,10384,1002148,-980748
RHU,2014,-2912,484463,-474148
RHW,2014,-8702.6864,355110,-358098.6864
RJ1,2014,28878,1289856,-1238579
RJ2,2014,-8482,517522,-510137
RJ6,2014,-27532,246279,-267758
RJ7,2014,-14115,711059,-716895
RJ8,2014,634,87116,-83943
RJC,2014,139,237642,-234676
RJD,2014,-41187,90817,-129848
RJE,2014,3782,623835,-611584
RJF,2014,-10443,183452,-190421
RJL,2014,-19638,331060,-348916
RJN,2014,109,183791,-182406
RJR,2014,-2944,215566,-215204
RJX,2014,218,46673,-45372
RJZ,2014,-47530.3838,1083781.616,-1099712
RK5,2014,-32597,284136,-280196
RK9,2014,-4989,430817,-426217
RKB,2014,-16900,550196,-529716
RKE,2014,-7342,295007,-297694
RKL,2014,9381,226463,-210569
RL1,2014,1024,93725,-92288
RL4,2014,3663,461810,-446709
RLN,2014,-7896,336374,-337895
RLQ,2014,844,182637,-178796
RLT,2014,367,141292,-139338
RLU,2014,47,94657,-93491
RLY,2014,768,75502,-73356
RM1,2014,-9615,515172,-496230
RM2,2014,-2876.528,476029.468,-458896
RM3,2014,-3027.063,479571.8293,-480029.5444
RMC,2014,560,291562,-309474
RMP,2014,-18527,159482,-171096
RMY,2014,-3567,212831,-211681
RN3,2014,-8563.4,300764.3,-294438.4
RN5,2014,-850,345645,-344879
RN7,2014,235,226116,-212121
RNA,2014,-7958,326396,-321236
RNK,2014,543.8,41444,-40568.2
RNL,2014,-16442,262174,-288958
RNN,2014,-5300,173772,-177961
RNQ,2014,-6921.9,206670,-210898.9
RNS,2014,-16525,270358,-286144
RNU,2014,-3733.0856,288335.8785,-297063.8216
RNZ,2014,-621,203686,-199862
RP1,2014,-378,182153,-177425
RP4,2014,18230,412609,-401449
RP5,2014,1619,355490,-349098
RP6,2014,4400.3217,197959.6703,-226578.2585
RP7,2014,368,105573,-104246
RPA,2014,-33975,255359,-281114
RPC,2014,2261,62866,-59613
RPG,2014,3380,229791,-231508
RPY,2014,3373.1576,360128.8678,-354180.4552
RQ3,2014,4493,249349,-244632
RQ6,2014,11225,483175,-469669
RQ8,2014,-33352,281103,-284279
RQM,2014,2368,377967,-363465
RQQ,2014,-13993,111052,-120948
RQW,2014,-21998,190478,-209159
RQX,2014,397.8356,269937.6186,-268407.783
RQY,2014,1642,159702,-152788
RR1,2014,-5609,647573,-648267
RR7,2014,-3424.411,212179.408,-224362.492
RR8,2014,-24386,1086638,-1084281
RRD,2014,-1265,109702,-124623
RRE,2014,5298,175883,-172336
RRF,2014,-818.019,268198,-272907.019
RRJ,2014,-432,80377,-77660
RRK,2014,13397,743145,-705078
RRP,2014,-4555,192988,-204957
RRU,2014,6048,324052,-314318
RRV,2014,2472.9575,945944.232,-895755.7889
RT1,2014,-398,126857,-123323
RT2,2014,1205,284658,-277641
RT3,2014,162,370392,-366301
RT5,2014,2626,273950,-269215
RTD,2014,6498,1008766,-935917
RTE,2014,1419.2258,481387.3,-483863.7742
RTF,2014,14226,461368,-449057
RTG,2014,-21231.2962,487991,-533026.2962
RTH,2014,11492,916255,-898772
RTK,2014,481.115,262813.956,-258251.57
RTP,2014,-2374,244007,-242442
RTQ,2014,92,106373,-103958
RTR,2014,-12679,578776,-577510
RTV,2014,-1311,152852,-150969
RTX,2014,-27140,275317,-298663
RV3,2014,-2281.1571,451230.6124,-446771.2295
RV5,2014,2482,370125,-369779
RV8,2014,-21884,210244,-232985
RV9,2014,-506,131808,-129996
RVJ,2014,-19740,552911,-547390
RVL,2014,-16134,75651,-95061
RVN,2014,2810,198530,-187999
RVR,2014,78,365769,-370648
RVV,2014,-8112.5,534155,-532247.5
RVW,2014,-3995.702,285547.3603,-276000.8097
RVY,2014,-896,188905,-190036
RW1,2014,-7460.2644,345531.7005,-344207.1187
RW3,2014,18580,1058577,-933573
RW4,2014,6335,206903,-196169
RW5,2014,-1335,326763,-334409
RW6,2014,14,582684,-579752
RWA,2014,2926,526559,-511503
RWD,2014,-15161,433250,-442052
RWE,2014,-40648,834376,-870793
RWF,2014,157,403310,-398943
RWG,2014,-13837,313291,-329769
RWH,2014,-3613,376050,-392544
RWJ,2014,-312.1,307791.4,-299024
RWK,2014,4748,268758,-258133
RWN,2014,1316,324818,-317028
RWP,2014,-25918,364656,-382582
RWR,2014,29,201343,-206272
RWV,2014,1287,132205,-130592
RWW,2014,-5774,219977,-222256
RWX,2014,-236.4917,226106.5478,-222366.0395
RWY,2014,-4579.2619,354720.5982,-348632.524
RX1,2014,750,874090,-851987
RX2,2014,5752.9099,255172.2723,-239282.4026
RX3,2014,11174,294582,-281129
RX4,2014,6817,314978,-340052
RX6,2014,-896,115648,-115637
RX7,2014,513,266952,-266539
RX8,2014,2991,241328,-236652
RX9,2014,65,155124,-156652
RXA,2014,720.813,154992.34,-157781
RXC,2014,88,384876,-376158
RXE,2014,1046,162340,-157040
RXF,2014,-9056,483428,-483245
RXG,2014,2822.054,237742,-232222.946
RXH,2014,-450,520765,-511840
RXK,2014,4653,446590,-434568
RXL,2014,-4281,373540,-376561
RXM,2014,1818,131433,-127720
RXN,2014,-2770,440108,-447962
RXP,2014,-4275,504179,-478137
RXQ,2014,-7446,369844,-372861
RXR,2014,1342,435107,-424226
RXT,2014,668.6262,241655.7471,-232401.8919
RXV,2014,8923.694,166537.694,-156452
RXW,2014,-12130,316794,-331237
RXX,2014,7217,156867,-147588
RXY,2014,902,178674,-172750
RY1,2014,8,135747,-135803
RY2,2014,-1580,148005,-149164
RY3,2014,2628,123796,-118990
RY4,2014,2129,140852,-137743
RY5,2014,1274,110487,-109200
RY6,2014,2007,146668,-143932
RY7,2014,875,70007,-68045
RY8,2014,1631,162999,-159130
RY9,2014,679,65816,-64593
RYA,2014,4342,234838,-230768
RYC,2014,1251,245982,-243683
RYD,2014,949,200901,-198499
RYE,2014,-4069,172649,-171276
RYF,2014,1792,229439,-227572
RYG,2014,3378,203958,-196515
RYJ,2014,15405,1007762,-1102312
RYK,2014,888,64750,-63177
RYR,2014,786,403225,-385240
RYV,2014,766,160501,-158731
RYW,2014,2917,257183,-252942
RYX,2014,1836,198409,-196016
RYY,2014,2807,236770,-234030
TAD,2014,1362,133641,-130989
TAE,2014,-310,105973,-105858
TAF,2014,1993,141151,-135766
TAH,2014,2601.1999,131824,-127567.8001
TAJ,2014,392.4235,101901,-100437.9246
R1A,2015,3566,172346,-164871
R1C,2015,-5062,178854,-190573
R1D,2015,1355,78940,-77018
R1E,2015,604,372553,-371675
R1F,2015,-8358,170276,-175153
R1G,2015,-1934,73579,-74714
R1H,2015,-134881,1342594,-1537545
R1J,2015,2501,113905,-109117
R1K,2015,-88245,666125,-743603
RA2,2015,-10492,323748,-329470
RA3,2015,-6965,98462,-104039
RA4,2015,-18605,126671,-144412
RA7,2015,14298,613132,-590114
RA9,2015,-9332,325054,-339688
RAE,2015,-6435,369877,-373017
RAJ,2015,-19486.7817,283365.4861,-295224.0747
RAL,2015,-15266.5009,1003426,-1015413
RAN,2015,-6076,131628,-136855
RAP,2015,-8284,249757,-247420
RAS,2015,-1488,238707,-234592
RAT,2015,-4578,348568,-348844
RAX,2015,-6917.1671,233232,-240936.1671
RBA,2015,-10634,271759,-275768
RBB,2015,0,0,0
RBD,2015,-5516,160008,-163053
RBK,2015,-9790,243525,-249069
RBL,2015,-15356.855,306350.047,-317484.902
RBN,2015,-9551,313287,-323475
RBQ,2015,-1192,123153,-122491
RBS,2015,4490,215986,-250295
RBT,2015,-8102,203862,-213233
RBV,2015,7425,246731,-236740
RBZ,2015,-4647,233235,-236052
RC1,2015,-17940,174407,-190395
RC9,2015,53.352,271306.0841,-268122.8762
RCB,2015,-12417,470985,-477986
RCD,2015,27,188913,-186611
RCF,2015,-998,154999,-156250
RCU,2015,430,171041,-170323
RCX,2015,-13858,171080,-183331
RD1,2015,760,292936,-310515
RD3,2015,-4194,230175,-227890
RD7,2015,0,0,0
RD8,2015,-31512.658,191581,-219303.658
RDD,2015,-25963,305628,-326647
RDE,2015,-38209,270651,-302858
RDR,2015,2186,212698,-211068
RDU,2015,2197,624188,-613264
RDY,2015,-1323,252628,-249931
RDZ,2015,-9477,273390,-280725
RE9,2015,-12197,200899,-212080
REF,2015,-6906,355815,-360575
REM,2015,-12763,312501,-320185
REN,2015,56713.1182,153487.9445,-95928.1977
REP,2015,-7206,102262,-107750
RET,2015,-997.4,110960,-109123.4
RF4,2015,-33719,505239,-541137
RFF,2015,-16243.717,175295.281,-189747.995
RFR,2015,-8833,240989,-247026
RFS,2015,561.6438,222615,-223863.3562
RFW,2015,-6097,69987,-73015
RGD,2015,2972,167321,-160170
RGM,2015,-2354,146191,-151834
RGN,2015,-37019.1037,261030,-284374.1037
RGP,2015,-6526.7005,179348.4502,-197238.8072
RGQ,2015,-22098,266310,-283679
RGR,2015,-9391,210252,-218457
RGT,2015,-77343,704704,-767565
RH5,2015,511.177,168210.653,-173484.587
RH8,2015,-16531,403482,-4.17E+05
RHA,2015,4656,450639,-432271
RHM,2015,-9241,693051,-711440
RHQ,2015,-8366,1006507,-1001235
RHU,2015,-23477,504572,-511073
RHW,2015,-9099,373279,-377074
RJ1,2015,16262.1377,1340329.816,-1346567.678
RJ2,2015,-22867,518947,-529283
RJ6,2015,-34493,255354,-281845
RJ7,2015,-55115,750953,-795002
RJ8,2015,4529,87622,-80669
RJC,2015,244,248739,-245114
RJD,2015,-1128,0,-1128
RJE,2015,-26936,702917,-720991
RJF,2015,-16003.8899,185036,-198988.8015
RJL,2015,-25266,338461,-361190
RJN,2015,-23899,172345,-199605
RJR,2015,-10289,215184,-228459
RJX,2015,-1287,47462,-47298
RJZ,2015,-65394.8175,1067005.183,-1119308
RK5,2015,-55046,296711,-304827
RK9,2015,-35996,432771,-465946
RKB,2015,-9129,585157,-588416
RKE,2015,-14788,294211,-301033
RKL,2015,5069,233089,-219703
RL1,2015,71,96083,-95051
RL4,2015,153,509405,-498394
RLN,2015,-12499.88,343363,-345800.88
RLQ,2015,-20456,178046,-191996
RLT,2015,-15235,133910,-147002
RLU,2015,-3147,97431,-100666
RLY,2015,1297,78588,-75878
RM1,2015,-21933.8211,542224,-534643.8211
RM2,2015,-7366,436934,-433546
RM3,2015,-9622.5044,522038.667,-524274.9216
RMC,2015,1852,292541,-287918
RMP,2015,-22750,165484,-184177
RMY,2015,-8911.0503,211776,-215846.0503
RN3,2015,-9743.6818,310382.018,-306409.6998
RN5,2015,-7242,354756,-356832
RN7,2015,-7649,224593,-220362
RNA,2015,-475,325925,-314974
RNK,2015,461.3,45256,-44544.8
RNL,2015,-62997,234067,-301963
RNN,2015,-8092,172971,-179824
RNQ,2015,-11170,219303,-229558
RNS,2015,-20151,273562,-286116
RNU,2015,-610.6367,297684.3547,-293698.5413
RNZ,2015,-5462,204920,-206002
RP1,2015,-1986,188890,-186431
RP4,2015,20403,444437,-403547
RP5,2015,-36357,360035,-402471
RP6,2015,8904.523,208824.1017,-199407.0396
RP7,2015,309,98138,-95511
RPA,2015,-52740.6,255017,-303354
RPC,2015,767,65682,-63144
RPG,2015,83.7,245510.5,-248181.8
RPY,2015,2663.6163,372737.1225,-368985.1806
RQ3,2015,2191,254149,-252169
RQ6,2015,24543,534415,-506231
RQ8,2015,-39887,288727,-316048
RQM,2015,-7748,523854,-574632
RQQ,2015,-17070,112280,-126762
RQW,2015,-37714,196124,-230275
RQX,2015,-5452.1616,284429.9919,-291446.1535
RQY,2015,3024,162180,-153188
RR1,2015,-46975,683246,-723631
RR7,2015,-5559.86,222508.57,-224330.978
RR8,2015,-30194,1115720,-1120465
RRD,2015,9591,122801,-117133
RRE,2015,9529,177724,-165777
RRF,2015,-4903,272380,-279709
RRJ,2015,-4463,81576,-86376
RRK,2015,-4650,761532,-759217
RRP,2015,-7336,191931,-190657
RRU,2015,-4405,319992,-320087
RRV,2015,-32089.0696,940272.4275,-955566.0873
RT1,2015,-3750,193966,-189913
RT2,2015,80.0711,280007,-287240.9289
RT3,2015,-10861.3121,363852,-369849.3121
RT5,2015,1356,275422,-265834
RTD,2015,2495,991271,-971292
RTE,2015,915.4,499899.8,-484274.4
RTF,2015,9043,505849,-484676
RTG,2015,-25634.144,520602,-522727.144
RTH,2015,9602,965060,-939375
RTK,2015,-635.33,267649.492,-262762.41
RTP,2015,-6531,264879,-264534
RTQ,2015,-515.8,105820,-104091.8
RTR,2015,-10057,565779,-553249
RTV,2015,1135.4,152197,-150763.6
RTX,2015,-39904,287373,-324202
RV3,2015,7925.9973,471548.9445,-460823.4743
RV5,2015,-7569,373106,-403160
RV9,2015,-1303,130541,-133742
RVJ,2015,-51561,543638,-550223
RVN,2015,90,197394,-213185
RVR,2015,-25788,372591,-402159
RVV,2015,-31776.8,537061.2,-563020
RVW,2015,-7554,280622,-280269
RVY,2015,-17202,182236,-195851
RW1,2015,-3594.698,332847.0096,-331597.1319
RW3,2015,-17845,971627,-965703
RW4,2015,5493,213443,-211162
RW5,2015,-2965,343869,-341695
RW6,2015,-19948,591544,-604698
RWA,2015,-8051,526253,-538699
RWD,2015,-56917,423428,-483084
RWE,2015,-34051,866036,-900268
RWF,2015,-23413,400930,-420059
RWG,2015,-41155,299769,-342570
RWH,2015,-16226,384712,-408297
RWJ,2015,-13380,309842,-318705
RWK,2015,9457.8267,356403.6632,-343887.8365
RWN,2015,3869.7639,258376,-251044.4451
RWP,2015,-59831,368981,-426738
RWR,2015,-2,208137,-206923
RWV,2015,2052,139976,-135223
RWW,2015,-17309.8786,219038,-233324.8786
RWX,2015,-1814.6259,237324.5109,-234815.1368
RWY,2015,-20979.4464,352680.7048,-369408.1512
RX1,2015,-47154,870621,-903357
RX2,2015,3410.1257,244361.449,-234422.3123
RX3,2015,13387,312312,-303312
RX4,2015,4130,317150,-299425
RX6,2015,-1765,117583,-118366
RX7,2015,135,282429,-282495
RX8,2015,6103,248965,-241435
RX9,2015,-12245,154089,-163954
RXA,2015,-1992.01,161588.199,-160140.209
RXC,2015,-47997,356152,-396170
RXE,2015,327,162791,-157898
RXF,2015,-20530,482792,-515008
RXG,2015,26,229878,-226722
RXH,2015,-44819,529475,-587501
RXK,2015,3857,443698,-441231
RXL,2015,-14647.957,383577,-396411.957
RXM,2015,1842.287,130949,-126081.713
RXN,2015,-29514,436160,-463692
RXP,2015,-14473,478064,-512958
RXQ,2015,-10867,370225,-376947
RXR,2015,7887,466767,-448756
RXT,2015,-635.0934,244818.2044,-229369.9807
RXV,2015,12095,184528,-158589
RXW,2015,-14649,326477,-351898
RXX,2015,1171,150833,-158783
RXY,2015,-4180,181334,-182220
RY1,2015,-1768,134929,-136554
RY2,2015,-3843.8387,148780,-152137.8387
RY3,2015,2129,129920,-125640
RY4,2015,2419,146266,-142286
RY5,2015,569,105943,-105307
RY6,2015,2985,156367,-153037
RY7,2015,1075,71085,-70037
RY8,2015,-162.1064,175650.4002,-173519.5065
RY9,2015,1919,68489,-66027
RYA,2015,372,227883,-227681
RYC,2015,158,232190,-230864
RYD,2015,264,206397,-203164
RYE,2015,-1194,175061,-177194
RYF,2015,590,232211,-230013
RYG,2015,3873,204038,-195778
RYJ,2015,-47879,1020306,-1038449
RYK,2015,1960,64546,-60705
RYR,2015,-4819.8,417354,-417505.8
RYV,2015,576,110365,-108450
RYW,2015,4790,260853,-256494
RYX,2015,3506,196671,-192300
RYY,2015,3509,234607,-231158
TAD,2015,1222,134798,-133974
TAE,2015,-4155,107664,-111340
TAF,2015,720,138153,-136131
TAH,2015,1062,128685,-127145
TAJ,2015,-1399.0621,102512.7055,-101335.4311
R1A,2016,5089,173526,-178183
R1C,2016,-2084,180675,-182084
R1D,2016,2596,79377,-76303
R1E,2016,-32934,344832,-378417
R1F,2016,-10960,171110,-178423
R1H,2016,-69481,1488833,-1540502
R1J,2016,2309,112624,-107918
R1K,2016,-61098,681059,-756021
RA2,2016,20421,347359,-321965
RA3,2016,-7185,105556,-110988
RA4,2016,-13949,145198,-156720
RA7,2016,17894,638824,-620177
RA9,2016,-9618,402948,-409975
RAE,2016,10526.941,393573,-387542.059
RAJ,2016,-11079.6974,303858.4896,-309746.7958
RAL,2016,-45636,1003963,-1058506
RAN,2016,-6796,140587,-145319
RAP,2016,-10464,276147,-293629
RAS,2016,5892,253002,-267520
RAT,2016,2698.6,356058,-351270.4
RAX,2016,-3562.6,246834.4,-247961
RBA,2016,779,293683,-292194
RBD,2016,-1138,171203,-169575
RBK,2016,-21392,244742,-270848
RBL,2016,-10448.79,324777,-332476.79
RBN,2016,4861,349934,-318230
RBQ,2016,-390,128822,-125428
RBS,2016,4821,222592,-209644
RBT,2016,1541,227328,-223850
RBV,2016,18992,264797,-244225
RBZ,2016,2232,217580,-215057
RC1,2016,-8300,192502,-202655
RC9,2016,12919.4638,309587.6891,-292245.5384
RCB,2016,1904.4,495142,-488153.6
RCD,2016,3529,217782,-211094
RCF,2016,6133,164375,-155646
RCU,2016,2966,182457,-189283
RCX,2016,-18427,182399,-204080
RD1,2016,12541,321519,-312769
RD3,2016,2163,250381,-242219
RD8,2016,-20862.8737,215313,-232481
RDD,2016,-13803,323445,-334599
RDE,2016,-18942,302127,-316466
RDR,2016,46,224283,-225943
RDU,2016,25814,665235,-630035
RDY,2016,7413,244098,-241307
RDZ,2016,1825.179,291227.513,-285571.334
RE9,2016,1343,200586,-205928
REF,2016,-929,379462,-378031
REM,2016,2181,343371,-336047
REN,2016,7854.6099,112458.1021,-102201.7959
REP,2016,-4744,109557,-112229
RET,2016,3651.364,120131.718,-113619.784
RF4,2016,-10874,557966,-564550
RFF,2016,-6597,193062,-197558
RFR,2016,-6502.7228,248322.7401,-251873.3755
RFS,2016,10321,235287,-235744
RGD,2016,4838,153332,-143896
RGM,2016,2628,152957,-147777
RGN,2016,-17829.19,294438,-313419.19
RGP,2016,2577.0262,192043.5027,-194593.0235
RGQ,2016,-17578,296451,-314525
RGR,2016,-3327,254481,-262132
RGT,2016,-53054.7198,779536,-815849
RH5,2016,3339.2266,169843.3,-161059.7253
RH8,2016,-2271,452125,-463473
RHA,2016,10165,459408,-444708
RHM,2016,16896,761809,-729926
RHQ,2016,11757,1058882,-1040117
RHU,2016,-17645,530382,-531321
RHW,2016,6222.4,401108.4,-390124
RJ1,2016,68031,1446510,-1380074
RJ2,2016,-20054,539242,-549757
RJ6,2016,-23787,274671,-291646
RJ7,2016,-78666,798090,-861141
RJ8,2016,4831,175739,-169102
RJC,2016,9832,267455,-258740
RJD,2016,-108,0,-108
RJE,2016,-27773,739279,-770128
RJF,2016,-7942.9207,197161,-202438.7131
RJL,2016,-30426,344889,-375586
RJN,2016,-15149,165589,-180648
RJR,2016,-3556,230244,-228634
RJX,2016,-1232,9698,-10495
RJZ,2016,-48654.43,1110218.57,-1167112
RK5,2016,-49073,295439,-367274
RK9,2016,-39900,450348,-482681
RKB,2016,703,608790,-597177
RKE,2016,-3670,309255,-305157
RKL,2016,5038,253050,-230927
RL1,2016,3261.4345,101374,-97740.5655
RL4,2016,8542,536028,-538251
RLN,2016,5417,362815,-353457
RLQ,2016,-37204,177567,-208223
RLT,2016,-13770,138457,-151717
RLU,2016,-1121,84033,-85068
RLY,2016,2051,81883,-79398
RM1,2016,-24859.9036,564086,-558884.9036
RM2,2016,3208,473711,-476652
RM3,2016,4471.286,646474.0148,-628500.6082
RMC,2016,15577,319959,-318192
RMP,2016,-13432,212423,-222494
RMY,2016,-3339.0985,215659,-238273.0985
RN3,2016,4041,341025,-306385
RN5,2016,9751,385444,-375697
RN7,2016,-382,248546,-237267
RNA,2016,11584,352142,-326788
RNK,2016,1751,50117,-47818
RNL,2016,-47328,251224,-275247
RNN,2016,-2299,180472,-184183
RNQ,2016,-24953,234480,-257152
RNS,2016,-13847,298240,-309603
RNU,2016,5390.3339,309096.6292,-298764.9505
RNZ,2016,4933,222475,-213045
RP1,2016,3619,198193,-191633
RP4,2016,27147,457521,-435280
RP5,2016,-5675.8468,386665.5387,-390092.9261
RP6,2016,12759.2718,221958.4109,-216519.7424
RP7,2016,2496,98079,-94930
RPA,2016,-42860,287735,-327646
RPC,2016,2985,68532,-65291
RPG,2016,3241,245515,-244054
RPY,2016,7341.4684,370659.2577,-387234.9472
RQ3,2016,12068,316696,-300480
RQ6,2016,1329,528959,-516265
RQ8,2016,-24306,315504,-327935
RQM,2016,9709,624968,-595361
RQQ,2016,-21169,115485,-137432
RQW,2016,-26715,209742,-233397
RQX,2016,3109.1716,308344,-306506.8284
RQY,2016,2710,163263,-160708
RR1,2016,-11306,709137,-725638
RR7,2016,4833.764,246041.432,-237878.698
RR8,2016,-1901,1172927,-1200262
RRD,2016,-6875,99497,-111243
RRE,2016,6155,194030,-189213
RRF,2016,13567,297493,-295914
RRJ,2016,-4313,79451,-82532
RRK,2016,10002,811877,-765854
RRP,2016,-12268,202027,-208462
RRU,2016,6143,355507,-345525
RRV,2016,44606.9351,1043003.179,-974486.7454
RT1,2016,2263,199807,-193370
RT2,2016,5180,273603,-264954
RT3,2016,11267.21,377330,-386150.79
RT5,2016,2244,277664,-278087
RTD,2016,13489,1052109,-1042321
RTE,2016,-17968,507420,-529885
RTF,2016,36970,537442,-512309
RTG,2016,-11096.141,539063,-537393.347
RTH,2016,1013,9.98E+05,-1032772
RTK,2016,7318.061,288262.866,-273953.805
RTP,2016,3672,286335,-277820
RTQ,2016,1264,112813,-112373
RTR,2016,-9859,582021,-585580
RTV,2016,-55,155361,-167759
RTX,2016,-16201,324297,-338476
RV3,2016,11417.0057,473918.6443,-459833.3047
RV5,2016,7797,385672,-383163
RV9,2016,1205,142991,-142584
RVJ,2016,-42922,530628,-547929
RVN,2016,-8918,214357,-223850
RVR,2016,-12687,392161,-411303
RVV,2016,-24020.6301,565444.3699,-588264
RVW,2016,2966.093,292803.893,-291144.8
RVY,2016,-20709,186695,-204015
RW1,2016,1320.0363,321618.0363,-314428
RW3,2016,59234,1072828,-1138068
RW4,2016,5914,248065,-268812
RW5,2016,317,343934,-339037
RW6,2016,-2412,643739,-637567
RWA,2016,2616,561128,-548861
RWD,2016,-56891,437324,-489001
RWE,2016,-27152,924269,-966303
RWF,2016,-10918,430502,-466121
RWG,2016,-29431,322643,-359022
RWH,2016,-29533,411870,-443071
RWJ,2016,-2049.5,303102.5,-305705.4
RWK,2016,4649.5849,359448.5849,-346434
RWN,2016,5781.1363,245412.7863,-236469.65
RWP,2016,-28748,403348,-416533
RWR,2016,10858,224797,-211287
RWV,2016,4664,148534,-142087
RWW,2016,-5253,233322,-237930
RWX,2016,1661.5953,244592.6972,-238001.1019
RWY,2016,-14994.07,375251.12,-374837.66
RX1,2016,-20108,934771,-944310
RX2,2016,-1181.1807,252335.125,-249102.4231
RX3,2016,22406,345888,-318092
RX4,2016,9272.5297,316542.288,-327369.3809
RX6,2016,1616,121781,-119562
RX7,2016,6965,316422,-307927
RX8,2016,2719,255424,-250601
RX9,2016,-4493,173109,-177580
RXA,2016,-112.4332,162536.575,-166820.0082
RXC,2016,-43792,379307,-416746
RXE,2016,3301,164019,-158252
RXF,2016,-7873,504454,-513282
RXG,2016,3287,229907,-227203
RXH,2016,-68501,550369,-627459
RXK,2016,-11933,460197,-459951
RXL,2016,3343,410735,-411450
RXM,2016,3467,135934,-129411
RXN,2016,-14708,464867,-471794
RXP,2016,11498,481735,-468869
RXQ,2016,-1759,391843,-376084
RXR,2016,3068,477519,-458389
RXT,2016,2602.9846,233758.0966,-257136.8966
RXV,2016,3182,201636,-189407
RXW,2016,-5631,350244,-351406
RXX,2016,8725.5525,164464.5525,-148681
RXY,2016,-3311,183103,-180549
RY1,2016,-1096,130776,-131794
RY2,2016,2089.6923,164137.9292,-161694.2368
RY3,2016,2695,133126,-127951
RY4,2016,2512,148281,-144200
RY5,2016,3940,109336,-105499
RY6,2016,3350,148654,-144597
RY7,2016,2070.8161,71315.863,-68074.9709
RY8,2016,5702,194590,-186656
RY9,2016,2962,70511,-66915
RYA,2016,2895,240944,-237328
RYC,2016,-9989,247134,-255627
RYD,2016,-7074,198326,-233273
RYE,2016,701,183718,-183884
RYF,2016,374,240486,-238900
RYG,2016,6072,207857,-196867
RYJ,2016,-15330,1096575,-1070788
RYK,2016,2199,66293,-79174
RYR,2016,8840.693,434626.5,-425328.807
RYV,2016,2098,116570,-112908
RYW,2016,4767,275044,-271835
RYX,2016,5380,212749,-206178
RYY,2016,4630,227684,-223108
TAD,2016,3065.913,136814,-133456.087
TAE,2016,-1312,78973,-79296
TAF,2016,67,139187,-135402
TAH,2016,1529,121170,-117422
TAJ,2016,-551.8724,101400,-110714.4709
R0A,2017,37717,830122.5,-790676
R1A,2017,7291,179527,-167727
R1C,2017,737,187219,-179726
R1D,2017,2758,77861,-74248
R1E,2017,-9995,210120,-214521
R1F,2017,-23250,171395,-190608
R1H,2017,-108782,1512726,-1550806
R1J,2017,5563,114599,-123164
R1K,2017,-39086,701443,-735137
R1L,2017,368,352257,-348387.65
RA2,2017,29701,371628,-336614
RA3,2017,-13470,102332,-115432
RA4,2017,-19481,144892,-163894
RA7,2017,19903,684141.9375,-654255
RA9,2017,10724,427207,-404981
RAE,2017,6365,401635.7813,-403924.3989
RAJ,2017,-8344,319689,-326075.0503
RAL,2017,-2141,1044201,-1097318
RAN,2017,-11807,143652.9063,-152197
RAP,2017,-28957,277778,-289049
RAS,2017,-7856,254230,-266158
RAT,2017,11039,370897,-387927
RAX,2017,-1143,263196,-261656
RBA,2017,-3477,308899,-308164
RBD,2017,899,180559,-176440
RBK,2017,-24081,243963,-260388
RBL,2017,-19280,332977.5938,-350245
RBN,2017,5001,383587,-357755
RBQ,2017,8407,144594,-131182.3162
RBS,2017,21966,264559,-248073
RBT,2017,6105,250127.4219,-231584
RBV,2017,74888,343358.0938,-269654.6067
RBZ,2017,6480,210199,-201420
RC1,2017,-6469,205028,-206813
RC9,2017,15058,334496.5,-315564.6316
RCB,2017,-24058,489240,-501680
RCD,2017,655,216761,-213093
RCF,2017,7537,168955,-166768
RCU,2017,3764,189931,-186640
RCX,2017,-20568,186405,-204909
RD1,2017,17506,327106,-316567
RD3,2017,1128,250166,-247102
RD8,2017,-15793,227635,-240236.821
RDD,2017,-26289,320892.8125,-341410.555
RDE,2017,-4671,344229,-345346
RDR,2017,2029,229632,-225765
RDU,2017,27858,673898,-636244
RDY,2017,5281,246622,-236549
RDZ,2017,-1444,295627,-292985.2428
RE9,2017,-10191,185425,-194088
REF,2017,-2591,405020,-408248
REM,2017,-4461,350988,-372870
REN,2017,6747,143665.3906,-133185.8209
REP,2017,-1327,115652,-115262
RET,2017,5527,128563,-120448.295
RF4,2017,-48977,569607,-576380
RFF,2017,-6208,207974,-214122
RFR,2017,-23024,242104,-264649.514
RFS,2017,4057,242524,-235532.174
RGD,2017,5380,156513,-148387.1839
RGM,2017,-8934,148819,-199858.2
RGN,2017,-38937,420411,-440885
RGP,2017,-8186,190241.2656,-196695.9875
RGQ,2017,-13432,321629,-329791
RGR,2017,493,252860,-250946
RGT,2017,-31749,856835,-878742
RH5,2017,4132,174211.6406,-161955.112
RH8,2017,12519,505797.25,-486822.203
RHA,2017,12348,455979,-432998
RHM,2017,41153,811087.25,-761284
RHQ,2017,8591,1077062,-1072470
RHU,2017,-33773,543069,-555307
RHW,2017,7734,412172,-388542
RJ1,2017,28492,1479038,-1412553
RJ2,2017,-57592,543854,-571742
RJ6,2017,-22151,293116,-308727
RJ7,2017,-53112,821085,-864100
RJ8,2017,5598,180778,-172942
RJC,2017,10183,289580,-273782
RJE,2017,-71325,696630,-736512
RJF,2017,-6488,202312,-211451.2
RJL,2017,-42196,346498,-380119
RJN,2017,-16189,152526,-166857
RJR,2017,1747,238156,-222912
RJZ,2017,-131976,1115799,-1222150.9
RK5,2017,-23578,304681,-276866
RK9,2017,3107,507781,-501203
RKB,2017,-18278,630651,-618103
RKE,2017,5435,323394,-310067.5
RKL,2017,12827,263126,-241638.284
RL1,2017,2353,107748,-104186
RL4,2017,4327,548538,-529386
RLN,2017,-188,363126,-388542.7763
RLQ,2017,-26158,188498,-214079
RLT,2017,-18982,143445,-160345
RLY,2017,3683,85079,-79372
RM1,2017,-23070,586668.5625,-575859.9457
RM2,2017,-5948,238572,-242654
RM3,2017,17999,729450,-724712.1206
RMC,2017,11801,334727,-326266
RMP,2017,-23726,212758,-230912
RMY,2017,1066,227210.9063,-222558
RN3,2017,-7682,348400,-340348.5
RN5,2017,-6769,389777,-389513
RN7,2017,-15757,253068,-256642
RNA,2017,-5765,352839,-346316
RNK,2017,2878,53094,-49706
RNL,2017,-40258,258872,-284603
RNN,2017,-1800,180157,-179635
RNQ,2017,-34175,228094,-260132
RNS,2017,-23339,304760,-329173
RNU,2017,-284,317837.6875,-317186.9004
RNZ,2017,-11354,221381,-228200
RP1,2017,5615,198907,-187077
RP4,2017,13626,490212,-456558.8
RP5,2017,-11962,387012.5,-394503.3723
RP6,2017,8184,221872.1563,-214339.7397
RP7,2017,3922,104023,-101203.603
RPA,2017,-61825,270704,-330318
RPC,2017,2906,69927.97656,-65495.29035
RPG,2017,4678,255639,-260095
RPY,2017,33648,428304.8438,-389357.8907
RQ3,2017,18294,429379,-411041
RQ6,2017,-26209,515893,-554573
RQ8,2017,-52926,308405,-350138
RQM,2017,25620,657917,-604895
RQW,2017,-28435,213231,-243473
RQX,2017,12296,320083,-304354.9944
RQY,2017,4254,166003.5781,-163370.91
RR1,2017,-53712,690779,-732529
RR7,2017,2254,264771.125,-254891.4444
RR8,2017,18880,1238267,-1252602
RRE,2017,8544,206566,-196291
RRF,2017,7853,310040,-304544
RRJ,2017,-4613,81978.5,-83615
RRK,2017,24329,857954,-828305
RRP,2017,33624,229478,-206398.8129
RRU,2017,5302,364598,-355193
RRV,2017,75991,1084882.75,-974676.576
RT1,2017,23609,224961,-216654
RT2,2017,-4185,267469,-266150
RT3,2017,74819,419943.3125,-398498.3184
RT5,2017,4675,274503,-259484
RTD,2017,9469,1046655,-1003700
RTE,2017,-33039,500399,-542196
RTF,2017,27830,528407,-517237
RTG,2017,-40747,543394.25,-568125.936
RTH,2017,-9371,1030209,-1002649
RTK,2017,17980,306549,-281520
RTP,2017,13646,315421,-296302
RTQ,2017,2215,119589,-130834
RTR,2017,-6180,604025,-594381.017
RTV,2017,2227,181388,-176846
RTX,2017,-64697,290785,-356107
RV3,2017,6308,489966.4375,-489961.8528
RV5,2017,4734,378598,-370144
RV9,2017,1399,118386,-112727
RVJ,2017,-15657,570925,-549173
RVN,2017,-10380,220555,-224100
RVR,2017,-13361,398560,-439731
RVV,2017,-20750,593160,-605392.48
RVW,2017,-27693,280211,-315914.325
RVY,2017,-33601,158277,-185545
RW1,2017,1802,309427,-309245
RW3,2017,4725,531509,-520517
RW4,2017,6958,276581,-272406.991
RW5,2017,4843,345940,-336368
RW6,2017,-32834,661928,-683132
RWA,2017,-7134,579846.5,-575051.1
RWD,2017,-81253,433161,-527203
RWE,2017,-36764,960790,-985601
RWF,2017,-10924,440269,-421213
RWG,2017,-42634,324772,-364253
RWH,2017,-25760,420968,-444300
RWJ,2017,-26209,286093,-304095.2482
RWK,2017,17101,390268.0938,-365586.1232
RWP,2017,-52981,400918,-437733.998
RWR,2017,9112,230309,-218128
RWV,2017,3844,153948.25,-147850
RWW,2017,-15010,234731,-246412
RWX,2017,4434,250632,-239942.5916
RWY,2017,-28428,360470.9063,-395952.634
RX1,2017,-2260,987499,-968584
RX2,2017,536,251466.2969,-245669.2543
RX3,2017,16761,350349,-366629
RX4,2017,9001,315510.375,-295792.3881
RX6,2017,180,125275,-125612
RX7,2017,5612,327731,-321954
RX8,2017,9304,269451,-257660
RX9,2017,8759,187853,-177079
RXA,2017,3250,163237.9219,-158126.757
RXC,2017,-54982,387934,-448947
RXE,2017,6172,163947,-155619
RXF,2017,-20297,505584,-510074
RXG,2017,4030,222880,-215451
RXH,2017,-55558,563450,-613137
RXK,2017,22365,494158,-469284
RXL,2017,5740,432122.0313,-423007
RXM,2017,5757,141119,-133302
RXN,2017,-37590,470930,-498937
RXP,2017,7126,474871,-460979
RXQ,2017,-2891,412424,-399807
RXR,2017,2983,495471,-506234
RXT,2017,5008,235332.9688,-218017.1574
RXV,2017,4009,293292,-280086.0972
RXW,2017,-17400,359041,-378637
RXX,2017,3885,193474,-212428
RXY,2017,-1224,181033.8125,-180928.1989
RY1,2017,703,97371,-96779
RY2,2017,-3550,151804,-154939.5325
RY3,2017,-1274,119791.4141,-118754.1395
RY4,2017,3350,142405,-137486
RY5,2017,4903,104457,-99681
RY6,2017,4655,149526,-144623
RY7,2017,3049,78364.49219,-76067.899
RY8,2017,8491,198841,-207101
RY9,2017,4068,71462,-66793
RYA,2017,4787,263913,-258213.001
RYC,2017,95,266929,-262567
RYD,2017,511,214128,-211197
RYE,2017,1329,215487,-215015
RYF,2017,18,233585,-231262
RYG,2017,4678,213700,-212677
RYJ,2017,3023,1160803,-1146852
RYK,2017,3377,69482,-65545
RYR,2017,7670,437295.375,-425335.0607
RYV,2017,3189,116540,-111742
RYW,2017,7691,277383,-266235
RYX,2017,6883,216614,-208273
RYY,2017,6538,221431,-214797
TAD,2017,3970,142646.4688,-136648.2692
TAF,2017,10898,150180,-141336
TAH,2017,10476,124495.5781,-116073.343
TAJ,2017,-2912,99641,-100729.6631
RF4,2018,-60334,550076.9336,-579437.167
RRP,2018,-182,224916,-222405
R1H,2018,-84243,1526645,-1603421
TAF,2018,6244,151910,-151735.9
RV3,2018,5326,508130.2847,-519911.8389
RYX,2018,9434,241667,-230792
RQM,2018,41374,713934,-688859
RJ6,2018,2071,318844,-349750
RWK,2018,13250,428704,-407628.0431
RVR,2018,-2225,434376,-476048.9014
RP4,2018,17720,520399,-482160
RJ1,2018,56045,1597124,-1537706
RQX,2018,17508,335509,-314558.8841
RY9,2018,3742,73853,-69006
RYJ,2018,29133,1212959,-1169891
RJZ,2018,-180086,1117060.499,-1253576
RAX,2018,23071,299317,-279585
RJ2,2018,-29794,574541,-588528
RRU,2018,7083,388978,-378154
R1K,2018,-19988,729022,-766137
RP6,2018,11422,235301.4,-227598.481
RAT,2018,8410,388717,-386157
RAP,2018,-2753,320723,-316931
RPG,2018,5933,269154,-260391
RT3,2018,-29756,396416.288,-411711.6666
RAL,2018,-67081,1041297,-1102613
RAN,2018,-13370,155126,-183993
RV5,2018,5903,406233,-404357
RQY,2018,25888,184264.93,-175302.92
RJ7,2018,-44632,844133,-879057.78
RNK,2018,2716,56322,-52993
RAS,2018,-25426,253771,-275789
RPY,2018,65615,468563.0624,-401142.2915
RKE,2018,28621,348646,-317863
RRV,2018,80506,1157748.775,-1087312.757
RKL,2018,11126,269548,-239369
RDD,2018,-31546,337420,-364743.6
RC1,2018,-13841,210489,-222426
RXT,2018,3694,247883.8809,-244544.3427
RYW,2018,6867,288654,-282519
RQ3,2018,21969,445362,-426657
TAJ,2018,4849,108502,-95032
RJF,2018,-9381,49000.95147,-57831.5
RGT,2018,-93955,876391.7906,-958629
RT1,2018,4100,224245,-217382
RYV,2018,3855,136645,-131115.5
RFS,2018,2404,254208.5745,-276754.1345
RYG,2018,4814,208722,-199398
RY8,2018,6175,193214,-184633
RXM,2018,3765,148635,-140140.4777
RYK,2018,3050,74340,-72764
RWH,2018,-12920,444903,-453445
RX9,2018,-2390,187144,-189066
RYC,2018,-2071,281740,-283028
RDE,2018,-7788,624320,-627561
R1L,2018,6621,318734,-305336.45
RLT,2018,-12596,155268,-167199
RY4,2018,4518,145746,-140661
RWR,2018,4370,235575,-229133
RGP,2018,-5379,200147.9248,-205625.4117
RNQ,2018,-26667,252170,-280533
RT5,2018,5639,278322,-267899
RY5,2018,4607,102217,-97529
RP7,2018,6409,114189.9992,-107991.0019
RC9,2018,23069,363964.619,-336357.0403
RQ8,2018,-61329,317164,-365703
RRE,2018,-1291,382039,-396902
RD8,2018,-6646,253381,-259908.6
RM1,2018,-60945,599493,-627971.3707
RMY,2018,2235,236792.6112,-232241.4967
RY3,2018,-7400,110701.6,-121145.3579
RLY,2018,3576,89112,-83898
RGN,2018,-48814,435913,-463007
RNS,2018,-14011,326571,-338879
RP1,2018,3665,216429,-208093
RX1,2018,-30936,1021952,-1045766
RHA,2018,10457,467479,-443173
RCX,2018,-35574,188610,-222666
RGM,2018,-10319,167542,-172655
RXK,2018,18365,655374,-487141
RK5,2018,-26776,318625,-314265.1637
R1D,2018,2492,80942,-78173
RJC,2018,19228,320935,-298847
RAJ,2018,-4458,333031,-335973.7
R1E,2018,-1861,35322,-36639
RNA,2018,-613,373279,-360712
RGQ,2018,-6562,80402,-86280
RQW,2018,-16174,236700,-251680
RL1,2018,3482,113490,-108200
RRJ,2018,-3652,87460,-90873
RL4,2018,3532,592975,-579390.342
RXW,2018,-18327,369186,-387050
RWD,2018,-88178,447492,-546418
RRK,2018,-30573,1613571,-1621490
RKB,2018,-27704,668046,-669694
RTG,2018,-63809,726096.064,-777316.9009
RWE,2018,-44879,992246,-1031913
RJE,2018,-63607,713838,-764617
RBK,2018,-27376,253034,-276533
RWG,2018,-49641,333367,-381024
RYA,2018,5392,276481,-271004.01
RGR,2018,-6145,244952,-254415
RWP,2018,-68297,411966,-472151
R1A,2018,4987,176553,-168993
RLQ,2018,-42030,186020,-220243
REM,2018,-29027,345759.343,-370392
RCF,2018,7446,185716,-181116
RBS,2018,50176,294014,-247790.096
RFF,2018,-1513,227330,-230438
RXL,2018,-9463,434015,-441268
RMC,2018,18318,350751,-341377
TAD,2018,2831,147392,-144342
RAE,2018,6908,411103.23,-418609.1774
RY2,2018,-7964,147331,-154756
RWY,2018,-43039,368760.92,-425125.586
RXA,2018,3374,171526,-171189
RLN,2018,-2842,364196,-362452
RJR,2018,-7910,238246,-249846
RXP,2018,829,487849,-486110
RNN,2018,-4979,160449,-165686
RP5,2018,4871,413725,-404254
RJN,2018,-14119,160269,-177126
RXR,2018,-3518,512439,-501837
RR7,2018,-13970,263176.114,-274384.458
RXV,2018,8283,319286,-308339.5539
RCD,2018,8238,249993,-239513
RWA,2018,25797,629192,-593178
RV9,2018,2679,130403,-129761
RW5,2018,975,352165,-359772
RXN,2018,-50444,484794,-524469
RGD,2018,35249,186143,-158402
RY6,2018,5661,155640,-149282
RBQ,2018,17343,156914.9864,-138890.3781
REP,2018,2314,119059,-115182
R0A,2018,75358,1709055,-1642518
RW4,2018,16255,392575,-375308
RBT,2018,1445,256496,-258795
RNL,2018,-29379,283704,-306567
RX6,2018,1950,134540,-132172
RVW,2018,-16237,291552,-304169.1
RX7,2018,5430,341787,-336636
RTV,2018,-2,186459,-187938
RJL,2018,-57501,354749,-408493
RX4,2018,7766,323632,-312935
RTF,2018,34360,553203,-543663
RT2,2018,1472,285837,-282919
RXE,2018,10440,164380,-151705
RM3,2018,16631,770941.5956,-753341.2134
RCU,2018,2895,194086,-194514.7912
TAH,2018,12104,127936,-114813
RHQ,2018,28386,1135341,-1129579.43
RTR,2018,15512,614031,-649430.1
RE9,2018,-1775,186984.8842,-187855
RXG,2018,3177,224781,-230959
RVY,2018,-28961,168112,-192666
RBN,2018,-82,402158,-390275
RWJ,2018,-30798,295877,-323455.0912
RMP,2018,-15633,225795,-236824
RX3,2018,102088,388346,-384205
RBV,2018,46501,336814.1889,-304086.497
REN,2018,7288,163620.145,-151921.849
RR8,2018,53842,1335847,-1258761
RXF,2018,-17774,527022,-534172
RTD,2018,25488,1088701,-1044271
RW6,2018,-65355,660458,-780829
RFR,2018,-19936,253539,-270238.3
RQ6,2018,-55537,601308,-623339
RET,2018,6045,130749,-122835.7921
RTX,2018,-69322,336247,-408919
RWW,2018,-14811,243237,-256387
RY7,2018,3723,83094.036,-80092.62484
RBL,2018,-33006,352946,-386763
RRF,2018,28178,343626,-307109
RCB,2018,4531,517602,-520435
RX8,2018,9250,281698,-272233
RTQ,2018,2510,125728,-120725
RTK,2018,45846,335576,-300638
RVN,2018,-1000,236618,-230478
RWX,2018,6082,256767,-244942.0033
RXH,2018,-50194,587139,-635161
RXQ,2018,-31153,416650,-433377
RJ8,2018,6083,186022,-177470
RN7,2018,-17030,266791,-267065
RWV,2018,7405,168850,-158267
RBD,2018,-5743,184819.51,-191079
RDY,2018,9643,265682,-254497
RVV,2018,-42071,606486.6936,-676125
RXC,2018,-44781,408783,-445974
RDU,2018,45577,714308.6,-663710
R1J,2018,5069,118651,-112530
RTE,2018,-29557,535428,-560922.4
RN3,2018,-974,335442,-320130.6271
RN5,2018,9872,423352,-410024
R1F,2018,-30102,175680,-202947
RXY,2018,2026,185085,-180256
RYY,2018,9015,223253,-214514
RWF,2018,20907,473169,-450488
RPA,2018,-29140,297951,-324247
RVJ,2018,-10483,607567,-573769
RBZ,2018,-16633,201225,-214937
RNU,2018,-6541,337906.66,-338419.3126
RTH,2018,38163,1073548,-1079933
RD3,2018,-10504,259876,-268329
RHU,2018,-37946,558702,-575691
RHW,2018,16305,435195.45,-411216
REF,2018,-3729,445376,-445933
RH8,2018,20286,534455.1131,-517198.2886
RA2,2018,38678,410312,-369263
RD1,2018,17197,355819,-333708
RNZ,2018,-3415,248010,-243848
R1C,2018,1577,193119,-189949
RH5,2018,6072,180688.8,-189302.86
RYE,2018,922,225990,-222927
RYD,2018,2456,228370,-226060
RYF,2018,-5967,239402,-242994.44
RW1,2018,-7015,315769,-319689
RXX,2018,26119,217504,-204017
RTP,2018,11594,336169,-319192
RDR,2018,6007,237051,-229707
RX2,2018,5767,271703.358,-259783.8784
RBA,2018,-10567,322506,-332211
RPC,2018,-5153,70648.074,-73265.066
RDZ,2018,28740,337495.264,-309834.075
RA9,2018,-2408,441046,-432577
RHM,2018,41387,882326,-836277
RA7,2018,30565,718532.6784,-677307
RK9,2018,-26686,510301,-527761
RYR,2018,29228,476958,-445044
RA3,2018,-16727,103284,-118150
RA4,2018,-18557,153771,-171852