YEAR,ORG_CODE,SIMPLE_MANAGERS_FTE
2009,50,55.38533
2009,5A3,40.6
2009,5A4,110.15542
2009,5A5,56.99461
2009,5A7,47.81584
2009,5A8,82.98379
2009,5A9,100.54442
2009,5AT,29.52378
2009,5C1,48.74697
2009,5C2,51.98178
2009,5C3,82.06791
2009,5C4,163.31916
2009,5C5,89.82379
2009,5C9,78.90901
2009,5CC,134.25013
2009,5CN,85.63227
2009,5CQ,115.2452
2009,5D7,140.7281
2009,5D8,29.35226
2009,5D9,9.70667
2009,5EF,52.59666
2009,5EM,116.65318
2009,5ET,31.91333
2009,5F1,122.91667
2009,5F5,142.16933
2009,5F7,62.04901
2009,5FE,134.99387
2009,5FL,32.61654
2009,5GC,57.04667
2009,5H1,75.32662
2009,5H8,77.992
2009,5HG,134.81558
2009,5HP,38.62667
2009,5HQ,55.82932
2009,5HX,60.27919
2009,5HY,54.07234
2009,5J2,56.472
2009,5J4,97.09335
2009,5J5,65.7
2009,5J6,47.33013
2009,5J9,35.70667
2009,5JE,56.14545
2009,5JX,87.16168
2009,5K3,41.664
2009,5K5,72.47327
2009,5K6,66.01049
2009,5K7,118.889
2009,5K8,99.57056
2009,5K9,134.519
2009,5KF,56.17717
2009,5KG,21.89334
2009,5KL,228.16068
2009,5KM,40.05792
2009,5L1,21.11334
2009,5L3,88.19819
2009,5LA,74.84889
2009,5LC,64.21081
2009,5LD,67.58226
2009,5LE,85.64574
2009,5LF,45.7
2009,5LG,84.16174
2009,5LH,119.56
2009,5LQ,58.85437
2009,5M1,147.63482
2009,5M2,51.86454
2009,5M3,80.08
2009,5M6,62.74084
2009,5M7,67.96614
2009,5M8,84.63926
2009,5MD,105.61253
2009,5MK,77.76794
2009,5MV,68.07333
2009,5MX,178.71603
2009,5N1,118.33147
2009,5N2,74.86666
2009,5N3,36.5
2009,5N4,107.48919
2009,5N5,65.621
2009,5N6,205.4885
2009,5N7,47.5424
2009,5N8,234.75022
2009,5N9,214.40031
2009,5NA,76.1527
2009,5NC,52.33445
2009,5ND,54.9
2009,5NE,82.61565
2009,5NF,89.17974
2009,5NG,202.93815
2009,5NH,43.54193
2009,5NJ,24
2009,5NK,202.47572
2009,5NL,293.65129
2009,5NM,52.05333
2009,5NN,74.55643
2009,5NP,95.84015
2009,5NQ,68.68495
2009,5NR,89.57119
2009,5NT,191.70343
2009,5NV,170.80977
2009,5NW,65.35333
2009,5NX,138.00061
2009,5NY,173.33526
2009,5P1,155.648
2009,5P2,125.05104
2009,5P3,152.27836
2009,5P4,65.04324
2009,5P5,241.1782
2009,5P6,183.24798
2009,5P7,90.3519
2009,5P8,50.35856
2009,5P9,182.93299
2009,5PA,112.34413
2009,5PC,45.10541
2009,5PD,141.62735
2009,5PE,61.16667
2009,5PF,155.1666
2009,5PG,117.13745
2009,5PH,85.30445
2009,5PJ,152.78516
2009,5PK,73.76533
2009,5PL,60.33335
2009,5PM,114.95637
2009,5PN,53.90151
2009,5PP,125.27454
2009,5PQ,177.23359
2009,5PR,68.90068
2009,5PT,129.82603
2009,5PV,96.94437
2009,5PW,80.43602
2009,5PX,95.06552
2009,5PY,185.37866
2009,5QA,289.53493
2009,5QC,123.19423
2009,5QD,122.32636
2009,5QE,186.24923
2009,5QF,112.50121
2009,5QG,89.5127
2009,5QH,139.18212
2009,5QJ,141.11338
2009,5QK,101.16454
2009,5QL,63.44035
2009,5QM,189.13576
2009,5QN,47.04584
2009,5QP,115.04997
2009,5QQ,235.40562
2009,5QR,35.86
2009,5QT,71.21054
2009,AHO,98.65622
2009,Q30,116.62362
2009,Q31,101.40614
2009,Q32,254.26767
2009,Q33,140.2048
2009,Q34,148.64235
2009,Q35,188.97904
2009,Q36,160.92704
2009,Q37,173.22256
2009,Q38,84.48094
2009,Q39,67.18666
2009,RA2,68.31244
2009,RA3,22
2009,RA4,45.70354
2009,RA7,148.59291
2009,RA9,113.32833
2009,RAE,70.13423
2009,RAJ,122.50666
2009,RAL,100.61093
2009,RAN,44.32541
2009,RAP,55.18297
2009,RAS,107.16253
2009,RAT,103.95144
2009,RAX,43.23666
2009,RBA,59.54414
2009,RBB,11.20587
2009,RBD,58.26718
2009,RBF,45.18667
2009,RBK,61.22453
2009,RBL,75.02959
2009,RBN,59.98667
2009,RBQ,32.75
2009,RBS,61.48406
2009,RBT,67.47093
2009,RBV,35.2
2009,RBZ,61.19332
2009,RC1,71.00666
2009,RC3,72.3208
2009,RC9,49.73333
2009,RCB,125.99679
2009,RCC,29.06667
2009,RCD,52.20667
2009,RCF,47.50667
2009,RCU,54.13333
2009,RCX,60.13044
2009,RD1,90.22811
2009,RD3,62.73706
2009,RD7,145.89349
2009,RD8,53.10621
2009,RDD,57.12
2009,RDE,78.5435
2009,RDR,37.49227
2009,RDU,51.97798
2009,RDY,63.40297
2009,RDZ,93.06017
2009,RE9,52.2
2009,REF,96.13306
2009,REM,110.58595
2009,REN,41.84683
2009,REP,30.28201
2009,RET,35.35495
2009,RF4,96.54684
2009,RFF,58.7847
2009,RFR,90.20213
2009,RFS,38.4
2009,RFW,52.91532
2009,RGC,83.16202
2009,RGD,79.8992
2009,RGM,81.51082
2009,RGN,82.5959
2009,RGP,79.18
2009,RGQ,43.76811
2009,RGR,68.78293
2009,RGT,159.37218
2009,RH5,32.52667
2009,RH8,122.59214
2009,RHA,147.40399
2009,RHM,255.19693
2009,RHQ,198.37023
2009,RHU,246.96356
2009,RHW,145.46502
2009,RHX,30.08649
2009,RJ1,390.2364
2009,RJ2,43.89324
2009,RJ6,72.00811
2009,RJ7,157.16501
2009,RJ8,97.16267
2009,RJC,38.65706
2009,RJD,59.99748
2009,RJE,171.66018
2009,RJF,56.13333
2009,RJL,213.34603
2009,RJN,69.58598
2009,RJR,67.36453
2009,RJX,35.43711
2009,RJZ,72.79831
2009,RK5,115.4
2009,RK9,165.248
2009,RKB,218.53923
2009,RKE,80.44839
2009,RKL,120.61085
2009,RL1,32
2009,RL4,96.80429
2009,RLN,89.4564
2009,RLQ,42.78666
2009,RLT,42.49333
2009,RLU,73.5774
2009,RLY,51.36993
2009,RM1,63.39679
2009,RM2,78.65333
2009,RM3,72.34999
2009,RM4,44.30667
2009,RMC,55.1
2009,RMP,55.24
2009,RMY,44.04613
2009,RN1,100.59333
2009,RN3,67.90667
2009,RN5,94.10293
2009,RN7,55.25894
2009,RNA,49.22162
2009,RNH,70.79676
2009,RNJ,318.11875
2009,RNK,29.392
2009,RNL,92.79449
2009,RNN,41.46666
2009,RNQ,75.06933
2009,RNS,144.38185
2009,RNU,106.96882
2009,RNZ,42.81333
2009,RP1,51.16594
2009,RP4,84.8246
2009,RP5,154.7636
2009,RP6,44.56
2009,RP7,77.25875
2009,RPA,84.69334
2009,RPC,26.81093
2009,RPG,76.02235
2009,RPY,65.2527
2009,RQ3,96.63467
2009,RQ6,229.93019
2009,RQ8,97.11333
2009,RQM,95.49985
2009,RQQ,57.09386
2009,RQW,19
2009,RQX,51.69748
2009,RQY,139.3267
2009,RR1,303.26448
2009,RR7,70.41245
2009,RR8,134.27984
2009,RRD,52.80971
2009,RRE,32.39723
2009,RRF,105.89306
2009,RRJ,38.7
2009,RRK,113.54099
2009,RRP,119.49684
2009,RRU,204.3601
2009,RRV,343.87494
2009,RT1,60.82
2009,RT2,83.29999
2009,RT3,112.08125
2009,RT5,137.77242
2009,RT6,85.98453
2009,RTD,162.48414
2009,RTE,189.52919
2009,RTF,100.44985
2009,RTG,121.02345
2009,RTH,212.22876
2009,RTK,74.86667
2009,RTP,67.15588
2009,RTQ,65.78414
2009,RTR,96.78667
2009,RTV,78.10426
2009,RTX,111.37787
2009,RV3,34.60811
2009,RV5,169.14654
2009,RV7,50.7
2009,RV8,72.68734
2009,RV9,24.90426
2009,RVJ,212.19885
2009,RVL,110.60837
2009,RVN,150.364
2009,RVR,89.58666
2009,RVV,123.928
2009,RVW,137.05334
2009,RVY,26
2009,RW1,89.35583
2009,RW3,245.53199
2009,RW4,102.37159
2009,RW5,99.11096
2009,RW6,124.22131
2009,RWA,171.64266
2009,RWD,140.34346
2009,RWE,142.23334
2009,RWF,170.94008
2009,RWG,100.06093
2009,RWH,58.75496
2009,RWJ,111.43722
2009,RWK,178.44315
2009,RWN,104.48397
2009,RWP,63.74667
2009,RWQ,29.61093
2009,RWR,123.97599
2009,RWV,74.92974
2009,RWW,76.10382
2009,RWX,132.37333
2009,RWY,74.24666
2009,RX1,247.73503
2009,RX2,115.40222
2009,RX3,138.12668
2009,RX4,170.18247
2009,RX5,71.97873
2009,RX6,94.2
2009,RX7,209.30375
2009,RX8,82.06228
2009,RX9,141.92811
2009,RXA,34.85333
2009,RXC,104.38813
2009,RXE,64.91477
2009,RXF,98.91789
2009,RXG,22.6
2009,RXH,177.6591
2009,RXK,169.56667
2009,RXL,107.19478
2009,RXM,84.89534
2009,RXN,90.63778
2009,RXP,99.94577
2009,RXQ,144.40118
2009,RXR,109.79946
2009,RXT,176.44667
2009,RXV,102.95999
2009,RXW,79.4
2009,RXX,121.05767
2009,RXY,53.77333
2009,RYA,167.81333
2009,RYC,144.19343
2009,RYD,138.58987
2009,RYE,143.70666
2009,RYF,43.2
2009,RYG,78.92347
2009,RYH,58.15334
2009,RYJ,371.13226
2009,RYK,31.85333
2009,RYQ,121.91607
2009,RYR,96.45093
2009,T1150,32
2009,T1160,113.14865
2009,T1190,87.94611
2009,T1240,97.37946
2009,T1310,388.81013
2009,T1340,27.8
2009,T1430,81.6182
2009,T1440,579.00667
2009,T1450,1152.12666
2009,T1460,363.68869
2009,TAC,98.51037
2009,TAD,230.49021
2009,TAE,49.57351
2009,TAF,71.5073
2009,TAH,70.3783
2009,TAJ,65.98319
2009,TAK,45.72667
2009,TAL,111.29747
2009,TAM,104.46694
2009,TAN,103.34614
2010,50,53.74207
2010,5A3,47.58667
2010,5A4,106.16372
2010,5A5,37.12333
2010,5A7,41.65096
2010,5A8,74.02855
2010,5A9,84.79333
2010,5AT,35.572
2010,5C1,51.10475
2010,5C2,61.48611
2010,5C3,79.98056
2010,5C4,109.09264
2010,5C5,86.89
2010,5C9,55.02095
2010,5CN,107.76213
2010,5CQ,123.05654
2010,5D7,126.81333
2010,5D8,64.05894
2010,5D9,9.70667
2010,5EF,36.31152
2010,5EM,121.98691
2010,5ET,39.71333
2010,5F1,80.19667
2010,5F5,136.67201
2010,5F7,62.31153
2010,5FE,50.17334
2010,5FL,32.12321
2010,5GC,75.89714
2010,5H1,62.024
2010,5H8,72.24666
2010,5HG,131.21965
2010,5HP,47.81334
2010,5HQ,55.7008
2010,5HX,75.11573
2010,5HY,53.59499
2010,5J2,23.80822
2010,5J4,69.66027
2010,5J5,70.78667
2010,5J6,60.2208
2010,5J9,25
2010,5JE,52.5
2010,5JX,66.30538
2010,5K3,41.59733
2010,5K5,83.87747
2010,5K6,62.84273
2010,5K7,145.62613
2010,5K8,114.16479
2010,5K9,111.53821
2010,5KF,29.52
2010,5KG,22.3
2010,5KL,165.04249
2010,5KM,42.62144
2010,5L1,54.43334
2010,5L3,119.01254
2010,5LA,86.37881
2010,5LC,82.41081
2010,5LD,109.87521
2010,5LE,78.9802
2010,5LF,23.3
2010,5LG,65.98867
2010,5LH,107.30666
2010,5LQ,56.10186
2010,5M1,150.53736
2010,5M2,52.91787
2010,5M3,84.88667
2010,5M6,75.29222
2010,5M7,70.84682
2010,5M8,89.16132
2010,5MD,87.22666
2010,5MK,71.74
2010,5MV,33
2010,5MX,111.84624
2010,5N1,100.72267
2010,5N2,71.46666
2010,5N3,35.89334
2010,5N4,96.40119
2010,5N5,60.38221
2010,5N6,226.78898
2010,5N7,30.42347
2010,5N8,183.07757
2010,5N9,224.47365
2010,5NA,82.63364
2010,5NC,37.81334
2010,5ND,50.60667
2010,5NE,91.38295
2010,5NF,76.43307
2010,5NG,197.46568
2010,5NH,125.43252
2010,5NJ,24
2010,5NK,207.02373
2010,5NL,344.68135
2010,5NM,43.88
2010,5NN,66.85563
2010,5NP,53.88401
2010,5NQ,55.19332
2010,5NR,84.5
2010,5NT,189.45586
2010,5NV,95.28881
2010,5NW,61.58453
2010,5NX,92.9945
2010,5NY,155.53871
2010,5P1,162.64133
2010,5P2,119.61091
2010,5P5,251.84114
2010,5P6,197.52078
2010,5P7,82.34007
2010,5P8,54.00108
2010,5P9,195.37899
2010,5PA,127.44666
2010,5PC,44.71927
2010,5PD,156.82068
2010,5PE,108.5864
2010,5PF,148.21853
2010,5PG,122.92427
2010,5PH,97.10076
2010,5PJ,134.51849
2010,5PK,71.17573
2010,5PL,60.60001
2010,5PM,129.73838
2010,5PN,47.54791
2010,5PP,96.60052
2010,5PQ,184.87574
2010,5PR,61.63933
2010,5PT,152.10438
2010,5PV,89.48549
2010,5PW,75.21603
2010,5PX,84.23453
2010,5PY,184.00533
2010,5QA,187.04161
2010,5QC,94.22757
2010,5QD,67.28019
2010,5QE,144.23334
2010,5QF,121.68267
2010,5QG,101.85776
2010,5QH,87.27468
2010,5QJ,126.37309
2010,5QK,108.72001
2010,5QL,61.92
2010,5QM,204.17444
2010,5QN,31.90667
2010,5QP,96.14266
2010,5QQ,155.16015
2010,5QR,39.87757
2010,5QT,62.7744
2010,5QV,222.14438
2010,AHO,250.5016
2010,NNF,10.33
2010,NNV,26.30667
2010,Q30,96.62051
2010,Q31,90.04612
2010,Q32,175.44721
2010,Q33,173.70934
2010,Q34,167.62972
2010,Q35,193.37584
2010,Q36,113.02266
2010,Q37,137.638
2010,Q38,73.98334
2010,Q39,62.10667
2010,RA2,78.67911
2010,RA3,17
2010,RA4,49.79367
2010,RA7,104.12071
2010,RA9,107.89183
2010,RAE,66.12576
2010,RAJ,136.06666
2010,RAL,51.6
2010,RAN,45.97642
2010,RAP,54.66869
2010,RAS,80.31171
2010,RAT,109.47315
2010,RAX,43.87333
2010,RBA,66.84666
2010,RBB,11.4
2010,RBD,58.29385
2010,RBF,47.18667
2010,RBK,61.45333
2010,RBL,133.85422
2010,RBN,61.02667
2010,RBQ,29.75
2010,RBS,68.57812
2010,RBT,57.49093
2010,RBV,39.8
2010,RBZ,64.47332
2010,RC1,39
2010,RC3,69.1208
2010,RC9,53.8
2010,RCB,67.3928
2010,RCC,31.01333
2010,RCD,45
2010,RCF,49.21334
2010,RCU,48.55334
2010,RCX,73.14111
2010,RD1,93.02267
2010,RD3,59.53706
2010,RD7,114.73619
2010,RD8,52.17447
2010,RDD,44.56
2010,RDE,81.34333
2010,RDR,27.69227
2010,RDU,51.97387
2010,RDY,60.00206
2010,RDZ,95.66133
2010,RE9,46.8
2010,REF,92.01546
2010,REM,117.84577
2010,REN,53.04683
2010,REP,29.2712
2010,RET,29.98162
2010,RF4,100.28667
2010,RFF,58.95332
2010,RFR,97.17334
2010,RFS,39.75
2010,RFW,54.97334
2010,RGC,95.95337
2010,RGD,82.50186
2010,RGM,56.35749
2010,RGN,132.5091
2010,RGP,79.66666
2010,RGQ,48.01334
2010,RGR,26.8
2010,RGT,159.63964
2010,RH5,38.94001
2010,RH8,60.59561
2010,RHA,147.57067
2010,RHM,258.53341
2010,RHQ,183.47518
2010,RHU,146.8569
2010,RHW,136.57835
2010,RHX,24.11081
2010,RJ1,202.86122
2010,RJ2,42.31067
2010,RJ6,104.2
2010,RJ7,124.9489
2010,RJ8,92.1255
2010,RJC,39.73706
2010,RJD,59.37081
2010,RJE,169.47761
2010,RJF,65.78666
2010,RJL,117.82666
2010,RJN,66.65786
2010,RJR,60.06453
2010,RJX,22.40901
2010,RJZ,76.19803
2010,RK5,106.40667
2010,RK9,136.54097
2010,RKB,181.68338
2010,RKE,67.59495
2010,RKL,124.784
2010,RL1,37.24
2010,RL4,94.60541
2010,RLN,89.23388
2010,RLQ,45.3
2010,RLT,43.2
2010,RLU,81.36852
2010,RLY,54.27306
2010,RM1,69.29013
2010,RM2,76.12
2010,RM3,64.85333
2010,RM4,45.36
2010,RMC,49.34667
2010,RMP,51.33333
2010,RMY,44.29333
2010,RN1,61.06666
2010,RN3,68.09262
2010,RN5,60.212
2010,RN7,57.87468
2010,RNA,49.67496
2010,RNH,69.78
2010,RNJ,333.84361
2010,RNK,27.5
2010,RNL,102.28368
2010,RNN,50.06666
2010,RNQ,70.6
2010,RNS,152.24212
2010,RNU,102.86413
2010,RNZ,49.22666
2010,RP1,46.63999
2010,RP4,66.04133
2010,RP5,138.94619
2010,RP6,56.11
2010,RP7,74.81874
2010,RPA,86.48
2010,RPC,19
2010,RPG,85.292
2010,RPY,67.28347
2010,RQ3,109.62667
2010,RQ6,252.41473
2010,RQ8,76.33333
2010,RQM,116.04
2010,RQQ,59.19386
2010,RQW,18.6
2010,RQX,57.6
2010,RQY,128.11447
2010,RR1,311.29098
2010,RR7,64.48445
2010,RR8,142.93785
2010,RRD,50.2216
2010,RRE,32.94603
2010,RRF,108.57759
2010,RRJ,35.09334
2010,RRK,109.30054
2010,RRP,117.11789
2010,RRU,137.9
2010,RRV,351.41143
2010,RT1,61.24667
2010,RT2,36.10666
2010,RT3,86.91567
2010,RT5,136.82773
2010,RT6,64.9057
2010,RTD,146.32
2010,RTE,103.62384
2010,RTF,117.99651
2010,RTG,78.89013
2010,RTH,162.04615
2010,RTK,68.62667
2010,RTP,65.99333
2010,RTQ,51.27333
2010,RTR,72.56
2010,RTV,64.3576
2010,RTX,115.17787
2010,RV3,34.89333
2010,RV5,102.56868
2010,RV8,79.65366
2010,RV9,34.85866
2010,RVJ,231.25893
2010,RVL,120.20959
2010,RVN,145.28399
2010,RVR,80.55812
2010,RVV,84.058
2010,RVW,128.39013
2010,RVY,26
2010,RW1,87.54082
2010,RW3,261.65181
2010,RW4,32.81081
2010,RW5,109.80174
2010,RW6,112.44798
2010,RWA,178.90452
2010,RWD,77.49013
2010,RWE,107.61226
2010,RWF,163.51965
2010,RWG,95.38759
2010,RWH,61.72425
2010,RWJ,109.98388
2010,RWK,202.97081
2010,RWN,123.58397
2010,RWP,58.76667
2010,RWQ,14.8
2010,RWR,145.99958
2010,RWV,70.63117
2010,RWW,84.07382
2010,RWX,143.98666
2010,RWY,67.18
2010,RX1,279.48239
2010,RX2,83.39748
2010,RX3,52.49334
2010,RX4,149.36729
2010,RX5,39.87873
2010,RX6,89.2
2010,RX7,236.42158
2010,RX8,128.89333
2010,RX9,151.0991
2010,RXA,42.96
2010,RXC,72.00346
2010,RXE,49.76412
2010,RXF,100.89122
2010,RXG,21.6
2010,RXH,123.54737
2010,RXK,162.96684
2010,RXL,105.94667
2010,RXM,85.94
2010,RXN,88.348
2010,RXP,65.6088
2010,RXQ,133.39388
2010,RXR,112.08614
2010,RXT,104.07334
2010,RXV,66.67333
2010,RXW,102.73333
2010,RXX,123.38667
2010,RXY,49.26144
2010,RYA,60.72
2010,RYC,116.56801
2010,RYD,153.98986
2010,RYE,138.56018
2010,RYF,45
2010,RYG,93.02347
2010,RYH,88.48667
2010,RYJ,441.9218
2010,RYK,36.05333
2010,RYQ,73.47564
2010,RYR,36
2010,RYV,48.90587
2010,T1150,31.88889
2010,T1160,171.18
2010,T1190,83.44389
2010,T1240,26.22
2010,T1310,383.86637
2010,T1430,95.61477
2010,T1440,515.00667
2010,T1450,378.46663
2010,T1460,377.38294
2010,TAC,96.25063
2010,TAD,222.91868
2010,TAE,57.41351
2010,TAF,68.264
2010,TAH,69.40552
2010,TAJ,70.70319
2010,TAK,43.93094
2010,TAL,83.29333
2010,TAM,59.77333
2010,TAN,63.54
2010,TAP,135.09137
2010,X09,833.66745
2011,50,99.88023
2011,5A3,32.09333
2011,5A4,60.95839
2011,5A7,22.63013
2011,5A8,25.52667
2011,5A9,54.9
2011,5AT,23.21467
2011,5C1,24.6
2011,5C2,40.88611
2011,5C3,149.43084
2011,5C4,1
2011,5C9,24.37935
2011,5CN,74.68001
2011,5CQ,103.84989
2011,5D7,88.61333
2011,5D8,48.4447
2011,5EF,32.55853
2011,5EM,105.15012
2011,5ET,22.92
2011,5F1,83.29667
2011,5F5,70.76667
2011,5F7,50.79333
2011,5FE,43.22667
2011,5FL,31.67095
2011,5GC,73.29333
2011,5H1,30.13014
2011,5H8,65.38881
2011,5HG,70.46982
2011,5HP,53.98
2011,5HQ,44.77093
2011,5HX,43.60934
2011,5HY,41.39493
2011,5J2,10
2011,5J4,78.19001
2011,5J5,56.51787
2011,5J6,39.5408
2011,5JE,46.93334
2011,5JX,58.96405
2011,5K3,38.67494
2011,5K5,81.43853
2011,5K7,101.58895
2011,5K8,76.01334
2011,5KF,11
2011,5KG,56.81224
2011,5KL,133.32731
2011,5L1,68.62667
2011,5L3,126.87334
2011,5LA,18.2
2011,5LC,52.80003
2011,5LD,60.04998
2011,5LE,17.2344
2011,5LF,18.4
2011,5LG,203.97321
2011,5LH,83.70667
2011,5LQ,41.27333
2011,5M1,79.29754
2011,5M2,46.4512
2011,5M3,63.96667
2011,5M6,27.43889
2011,5M7,9.8
2011,5M8,77.22499
2011,5MD,80.70666
2011,5MK,55.61333
2011,5MV,28
2011,5MX,75.49863
2011,5N1,93.45974
2011,5N2,44.22666
2011,5N3,34.76667
2011,5N4,62.97693
2011,5N5,55.34767
2011,5N6,77.02069
2011,5N7,20.812
2011,5N8,99.99758
2011,5N9,95.6048
2011,5NA,83.0488
2011,5NC,31.42667
2011,5ND,35.85333
2011,5NE,57.50028
2011,5NF,57.38426
2011,5NG,136.69263
2011,5NH,103.06639
2011,5NJ,40.95041
2011,5NK,83.95663
2011,5NL,172.80373
2011,5NM,49.19081
2011,5NN,50.23457
2011,5NP,27.31734
2011,5NQ,50.31999
2011,5NR,77.78
2011,5NT,112.94
2011,5NV,89.73887
2011,5NW,37.66667
2011,5NX,53.49973
2011,5NY,115.70732
2011,5P1,157.50133
2011,5P2,116.45108
2011,5P5,223.02781
2011,5P6,129.30995
2011,5P7,20.66667
2011,5P8,53.67263
2011,5P9,176.3742
2011,5PA,112.38666
2011,5PC,73.87074
2011,5PD,133.44666
2011,5PE,88.03334
2011,5PF,121.03186
2011,5PG,92.18667
2011,5PH,77.15941
2011,5PJ,114.97368
2011,5PK,82.14906
2011,5PL,28.81334
2011,5PM,80.82585
2011,5PN,37.08801
2011,5PP,80.37627
2011,5PQ,77.34
2011,5PR,71.45
2011,5PT,114.47771
2011,5PV,79.19333
2011,5PW,72.5627
2011,5PX,81.61586
2011,5PY,155.32534
2011,5QA,91.41334
2011,5QC,75.36757
2011,5QD,53.7456
2011,5QE,97.66666
2011,5QF,108.42266
2011,5QG,81.98017
2011,5QH,92.97467
2011,5QJ,100.75488
2011,5QK,51.74667
2011,5QL,57.61333
2011,5QM,186.79445
2011,5QN,31.07334
2011,5QP,99.56933
2011,5QQ,159.68829
2011,5QR,21.50667
2011,5QT,64.84107
2011,5QV,163.01186
2011,5QW,28.05333
2011,AHO,609.30334
2011,NL3,6
2011,NNF,12
2011,NNV,20.10667
2011,NQ1,1
2011,NQL,13.41787
2011,NRT,1
2011,Q30,87.75051
2011,Q31,99.73332
2011,Q32,166.55493
2011,Q33,160.15934
2011,Q34,132.91639
2011,Q35,172.92278
2011,Q36,73.65333
2011,Q37,85.904
2011,Q38,66.077
2011,Q39,59.20667
2011,R1A,33.50667
2011,R1C,11.60811
2011,RA2,75.63227
2011,RA3,8
2011,RA4,48.54133
2011,RA7,109.44863
2011,RA9,104.44382
2011,RAE,55.37909
2011,RAJ,146.18666
2011,RAL,53.6
2011,RAN,43.3792
2011,RAP,60.49882
2011,RAS,74.84187
2011,RAT,115.41102
2011,RAX,47.14
2011,RBA,54.38666
2011,RBB,12.33333
2011,RBD,58.95333
2011,RBF,49.14
2011,RBK,71.62667
2011,RBL,127.31475
2011,RBN,78.6912
2011,RBQ,36.93333
2011,RBS,65.93572
2011,RBT,54.88
2011,RBV,34.01081
2011,RBZ,52.69333
2011,RC1,37.86667
2011,RC3,120.0216
2011,RC9,48.89333
2011,RCB,85.54308
2011,RCC,26.05333
2011,RCD,44.79333
2011,RCF,49.17333
2011,RCU,49.61212
2011,RCX,78.91185
2011,RD1,88.532
2011,RD3,57.35306
2011,RD7,100.92286
2011,RD8,55.84906
2011,RDD,58.6
2011,RDE,80.82666
2011,RDR,33.8556
2011,RDU,52.37734
2011,RDY,52.69939
2011,RDZ,99.79334
2011,RE9,50.8
2011,REF,82.1168
2011,REM,102.40433
2011,REN,42.55786
2011,REP,21.7112
2011,RET,30.86684
2011,RF4,79.45467
2011,RFF,56.23119
2011,RFR,98.82668
2011,RFS,37.75
2011,RFW,59.24
2011,RGC,98.4627
2011,RGD,78.68862
2011,RGM,51.77082
2011,RGN,128.02404
2011,RGP,48.88666
2011,RGQ,40
2011,RGR,30.8
2011,RGT,167.88486
2011,RH5,34.89333
2011,RH8,69.12894
2011,RHA,184.06148
2011,RHM,254.10963
2011,RHQ,202.19761
2011,RHU,121.41102
2011,RHW,129.74234
2011,RHX,31.81093
2011,RJ1,278.25455
2011,RJ2,49.30667
2011,RJ6,96
2011,RJ7,116.86799
2011,RJ8,77.66667
2011,RJC,50.77334
2011,RJD,69.55603
2011,RJE,168.22693
2011,RJF,73.22186
2011,RJL,93.27332
2011,RJN,76.98933
2011,RJR,66.26453
2011,RJX,28.09333
2011,RJZ,80.99011
2011,RK5,84.94
2011,RK9,117.51883
2011,RKB,162.19079
2011,RKE,98.96402
2011,RKL,126.2472
2011,RL1,37.84
2011,RL4,94.60541
2011,RLN,92.81334
2011,RLQ,50.3
2011,RLT,36.8
2011,RLU,71.94359
2011,RLY,49.27093
2011,RM1,55.98796
2011,RM2,57.38667
2011,RM3,68.6
2011,RM4,39.44
2011,RMC,46.97334
2011,RMP,43.84
2011,RMY,61.10667
2011,RN1,56.16
2011,RN3,81.00596
2011,RN5,54.94534
2011,RN7,59.94134
2011,RNA,51.5791
2011,RNH,55.78
2011,RNJ,242.83626
2011,RNK,25.00667
2011,RNL,91.008
2011,RNN,79.88453
2011,RNQ,69.10667
2011,RNS,149.49759
2011,RNU,127.82667
2011,RNZ,49.02666
2011,RP1,41.48586
2011,RP4,68
2011,RP5,146.85809
2011,RP6,57.11
2011,RP7,69.78667
2011,RPA,62.51676
2011,RPC,15
2011,RPG,86.66
2011,RPY,72.03014
2011,RQ3,108.41334
2011,RQ6,244.48806
2011,RQ8,71.52
2011,RQM,101.34
2011,RQQ,54.88719
2011,RQW,78.20667
2011,RQX,77.91308
2011,RQY,137.56901
2011,RR1,336.86383
2011,RR7,63.57778
2011,RR8,145.38357
2011,RRD,41.6216
2011,RRE,33.6
2011,RRF,48.81351
2011,RRJ,36.60667
2011,RRK,102.76775
2011,RRP,114.85533
2011,RRU,137.3
2011,RRV,352.08421
2011,RT1,51.52667
2011,RT2,39.85333
2011,RT3,79.55333
2011,RT5,136.12441
2011,RT6,59.52383
2011,RTD,155.4272
2011,RTE,100.28439
2011,RTF,110.48865
2011,RTG,86.91414
2011,RTH,153.98961
2011,RTK,44.88
2011,RTP,81.96
2011,RTQ,53.84453
2011,RTR,78.41333
2011,RTV,71.18427
2011,RTX,107.54454
2011,RV3,34.89333
2011,RV5,149.32933
2011,RV8,79.30468
2011,RV9,43.992
2011,RVJ,245.07469
2011,RVL,114.86826
2011,RVN,146.59892
2011,RVR,85.70372
2011,RVV,72.53107
2011,RVW,113.35013
2011,RVY,35.86667
2011,RW1,109.96228
2011,RW3,293.1998
2011,RW4,28.81081
2011,RW5,140.37237
2011,RW6,117.0248
2011,RWA,183.16452
2011,RWD,91.29333
2011,RWE,106.29706
2011,RWF,169.7892
2011,RWG,95.33866
2011,RWH,61.14317
2011,RWJ,113.75972
2011,RWK,228.08649
2011,RWN,110.2173
2011,RWP,59.88667
2011,RWR,142.96847
2011,RWV,70.37226
2011,RWW,46
2011,RWX,151.19333
2011,RWY,79.86667
2011,RX1,278.58026
2011,RX2,89.02415
2011,RX3,59.56667
2011,RX4,120.6241
2011,RX5,45.98666
2011,RX6,100.21333
2011,RX7,227.79672
2011,RX8,129.92667
2011,RX9,155.40576
2011,RXA,53.68792
2011,RXC,85.90346
2011,RXE,62.35078
2011,RXF,92.77122
2011,RXG,18.6
2011,RXH,146.10549
2011,RXK,161.62667
2011,RXL,105.89352
2011,RXM,77.34
2011,RXN,71.088
2011,RXP,90.6088
2011,RXQ,140.62098
2011,RXR,117.59297
2011,RXT,148.42667
2011,RXV,69.21999
2011,RXW,66.06667
2011,RXX,95.16107
2011,RXY,38.6
2011,RY1,85.51656
2011,RY2,60.90775
2011,RY3,57.6756
2011,RY4,70.76861
2011,RY5,16.36
2011,RY7,19.01748
2011,RY8,80.05093
2011,RYA,69.72
2011,RYC,122.32675
2011,RYD,116.21973
2011,RYE,76.68684
2011,RYF,42.6
2011,RYG,96.6568
2011,RYH,89.48667
2011,RYJ,335.22582
2011,RYK,34.8
2011,RYQ,86.26336
2011,RYR,37.90667
2011,RYV,48.0816
2011,RYW,102.28
2011,RYX,78.6
2011,RYY,68.24026
2011,T1150,29
2011,T1160,194.34667
2011,T1190,79.07722
2011,T1240,32.4
2011,T1310,356.57912
2011,T1430,84.81477
2011,T1440,422.46
2011,T1450,242.25814
2011,T1460,140.60293
2011,TAC,66.52666
2011,TAD,196.22189
2011,TAE,66.60811
2011,TAF,71.36
2011,TAH,68.0528
2011,TAJ,71.05102
2011,TAK,24.61147
2011,TAL,91.67459
2011,TAN,39.44
2011,TAP,109.53803
2011,X09,788.38894
2012,50,91.33587
2012,5A3,30.17333
2012,5A4,20.4
2012,5A7,13.93333
2012,5A8,27.04667
2012,5AT,13.64534
2012,5C2,40.08611
2012,5C3,158.62667
2012,5C4,1
2012,5CN,50.82667
2012,5CQ,35.49387
2012,5D7,80.00666
2012,5D8,4.03802
2012,5EF,33.43138
2012,5EM,60.77838
2012,5ET,19.45046
2012,5F1,46.3
2012,5F5,72.86
2012,5F7,40.73819
2012,5FE,35.74667
2012,5FL,12.44441
2012,5GC,52.50727
2012,5H1,23.52801
2012,5H8,58.40406
2012,5HG,65.64333
2012,5HP,35.78811
2012,5HQ,25.16
2012,5HX,47.036
2012,5HY,40.59493
2012,5J2,10.98667
2012,5J4,40.23334
2012,5J5,44.31787
2012,5J6,37.1408
2012,5JE,16.88
2012,5JX,46.73401
2012,5K3,17.12293
2012,5K5,86.62577
2012,5K8,178.186
2012,5KF,2
2012,5KG,56.50558
2012,5KL,129.72729
2012,5L1,24.08667
2012,5L3,61.07333
2012,5LA,17.2
2012,5LC,59.23333
2012,5LD,61.58
2012,5LE,11.3968
2012,5LF,17.70667
2012,5LG,200.18788
2012,5LH,57.04667
2012,5LQ,60.99284
2012,5M1,74.4842
2012,5M2,25.59787
2012,5M3,48.9
2012,5M6,29.63889
2012,5M8,46.11332
2012,5MK,34.01333
2012,5MV,20
2012,5MX,72.13167
2012,5N1,53.7192
2012,5N2,41.00134
2012,5N3,22.86667
2012,5N4,59.792
2012,5N5,46.59977
2012,5N6,73.31402
2012,5N7,24.812
2012,5N8,116.37022
2012,5N9,84.77147
2012,5NA,83.2688
2012,5NC,32.02667
2012,5ND,36
2012,5NE,64.30907
2012,5NF,46.37388
2012,5NG,101.11225
2012,5NH,86.46293
2012,5NJ,12.68108
2012,5NK,71.27476
2012,5NL,133.36374
2012,5NM,21.86667
2012,5NN,50.66426
2012,5NP,40.18667
2012,5NQ,36.67999
2012,5NR,71.87334
2012,5NT,106.89333
2012,5NV,91.0523
2012,5NW,42.5
2012,5NX,46.8872
2012,5NY,86.12666
2012,5P1,134.70799
2012,5P2,112.53286
2012,5P5,125.71819
2012,5P6,146.13251
2012,5P7,12
2012,5P8,51.98171
2012,5P9,139.199
2012,5PA,80.63332
2012,5PC,42.81333
2012,5PD,209.0868
2012,5PE,64.46667
2012,5PF,77.03146
2012,5PG,74.96
2012,5PH,54.8992
2012,5PJ,74.47912
2012,5PK,82.43061
2012,5PL,30.12001
2012,5PM,131.0397
2012,5PN,13.29467
2012,5PP,83.22427
2012,5PQ,94.42
2012,5PR,45.63933
2012,5PT,124.57649
2012,5PV,36.68
2012,5PW,33.34936
2012,5PX,46.76605
2012,5PY,102.81334
2012,5QA,93.67653
2012,5QC,117.57877
2012,5QD,67.877
2012,5QE,95.76
2012,5QF,94.08772
2012,5QG,52.92072
2012,5QH,63.23467
2012,5QJ,82.08137
2012,5QK,47.45334
2012,5QL,40.76
2012,5QM,63.16243
2012,5QN,22.35641
2012,5QP,72.83304
2012,5QQ,125.12814
2012,5QT,16.2
2012,5QV,173.95708
2012,5QW,26.3
2012,AHO,585.35196
2012,NAX,22.69333
2012,NCY,59.11498
2012,NL1,2
2012,NL3,7
2012,NL8,7.44
2012,NLL,25.50667
2012,NLR,29.5
2012,NLT,20.61333
2012,NLW,21.15874
2012,NLY,9.66667
2012,NNF,23.49333
2012,NNV,22.10667
2012,NQ1,32.42667
2012,NQ7,62.17692
2012,NQA,27.1
2012,NQK,1
2012,NQL,14.81787
2012,NQV,9.23333
2012,NR3,47.5321
2012,NR5,22.95
2012,NRR,5.38783
2012,NRT,1
2012,Q30,80.45144
2012,Q31,90.63332
2012,Q32,163.36159
2012,Q33,154.50134
2012,Q34,122.61893
2012,Q35,165.7768
2012,Q36,80.66583
2012,Q37,83.564
2012,Q38,65.529
2012,Q39,55.80667
2012,R1A,23.85333
2012,R1C,56.60812
2012,R1D,43.368
2012,R1E,114.49314
2012,R1F,49.34107
2012,R1H,393.20358
2012,RA2,72.39082
2012,RA3,9
2012,RA4,49.30133
2012,RA7,102.72862
2012,RA9,97.01067
2012,RAE,55.20576
2012,RAJ,144.00667
2012,RAL,53.6
2012,RAN,52.95253
2012,RAP,65.20549
2012,RAS,78.24187
2012,RAT,166.87991
2012,RAX,44.9
2012,RBA,56.65333
2012,RBB,11.6
2012,RBD,59.68667
2012,RBK,77.03334
2012,RBL,127.58033
2012,RBN,74.94453
2012,RBQ,32.8
2012,RBS,72.57359
2012,RBT,57.58987
2012,RBV,42.6
2012,RBZ,72.69333
2012,RC1,40.46667
2012,RC3,120.05493
2012,RC9,55.14414
2012,RCB,114.00626
2012,RCD,52.39867
2012,RCF,50.75999
2012,RCU,52.22
2012,RCX,70.28865
2012,RD1,100.30641
2012,RD3,59.75306
2012,RD7,121.99951
2012,RD8,74.74335
2012,RDD,58.62667
2012,RDE,90.58666
2012,RDR,35.45333
2012,RDU,57.73734
2012,RDY,91.25085
2012,RDZ,105.79334
2012,RE9,70.69874
2012,REF,77.36747
2012,REM,99.70366
2012,REN,42.6112
2012,REP,19.3112
2012,RET,34.57351
2012,RF4,87.7
2012,RFF,49.29333
2012,RFR,95.14458
2012,RFS,37.35
2012,RFW,56.53333
2012,RGD,82.23519
2012,RGM,50.00667
2012,RGN,117.63738
2012,RGP,51.8472
2012,RGQ,39.6
2012,RGR,32.508
2012,RGT,183.6135
2012,RH5,54.17333
2012,RH8,76.95561
2012,RHA,195.564
2012,RHM,253.21263
2012,RHQ,192.04267
2012,RHU,123.94221
2012,RHW,122.01677
2012,RHX,30.1376
2012,RJ1,322.84789
2012,RJ2,59.42667
2012,RJ6,27.7
2012,RJ7,102.93812
2012,RJ8,83.28667
2012,RJC,63.36668
2012,RJD,73.33333
2012,RJE,158.17933
2012,RJF,71.6552
2012,RJL,90.936
2012,RJN,69.48933
2012,RJR,66.9112
2012,RJX,22.78667
2012,RJZ,92.6
2012,RK5,82.50667
2012,RK9,112.90002
2012,RKB,172.71986
2012,RKE,102.82393
2012,RKL,98.38
2012,RL1,35.97333
2012,RL4,85
2012,RLN,99.93334
2012,RLQ,40.2
2012,RLT,33.8027
2012,RLU,79.41586
2012,RLY,45.33731
2012,RM1,50.19481
2012,RM2,56.94667
2012,RM3,68.6
2012,RMC,65.4
2012,RMP,48.6
2012,RMY,86
2012,RN3,84.53334
2012,RN5,97.72551
2012,RN7,57.14667
2012,RNA,56.80073
2012,RNK,23.77333
2012,RNL,87.52133
2012,RNN,85.5
2012,RNQ,75.00934
2012,RNS,142.77969
2012,RNU,137.13334
2012,RNZ,50.70666
2012,RP1,70.90585
2012,RP4,62.56
2012,RP5,137.39104
2012,RP6,53.92
2012,RP7,57.65333
2012,RPA,61.55676
2012,RPC,16.81081
2012,RPG,86.85334
2012,RPY,89.15014
2012,RQ3,96.92001
2012,RQ6,166.04091
2012,RQ8,68.25874
2012,RQM,106.76
2012,RQQ,44.63386
2012,RQW,77.5
2012,RQX,80.01973
2012,RQY,125.14053
2012,RR1,193.72426
2012,RR7,61.27111
2012,RR8,150.58026
2012,RRD,50.75494
2012,RRE,33.1
2012,RRF,52.4
2012,RRJ,33.51261
2012,RRK,100.59928
2012,RRP,91.42866
2012,RRU,137.20667
2012,RRV,388.23422
2012,RT1,41.99999
2012,RT2,69.30293
2012,RT3,84.40666
2012,RT5,227.10154
2012,RTD,174.50594
2012,RTE,85.51771
2012,RTF,189.67503
2012,RTG,95.092
2012,RTH,153.04792
2012,RTK,52.77445
2012,RTP,80.86667
2012,RTQ,71.52107
2012,RTR,110.74667
2012,RTV,88.11761
2012,RTX,109.30453
2012,RV3,60.04815
2012,RV5,161.4864
2012,RV8,72.91214
2012,RV9,37.848
2012,RVJ,252.57362
2012,RVL,114.8016
2012,RVN,147.20001
2012,RVR,84.84133
2012,RVV,86.57
2012,RVW,79.2968
2012,RVY,32
2012,RW1,126.95147
2012,RW3,334.29513
2012,RW4,27.4
2012,RW5,250.99729
2012,RW6,108.41146
2012,RWA,179.12665
2012,RWD,97.54666
2012,RWE,70.59519
2012,RWF,160.7892
2012,RWG,97.47866
2012,RWH,60.93598
2012,RWJ,90.67494
2012,RWK,216.27333
2012,RWN,172.43889
2012,RWP,70.16667
2012,RWR,116.38161
2012,RWV,68.41226
2012,RWW,43
2012,RWX,195.16693
2012,RWY,84.85333
2012,RX1,225.12769
2012,RX2,88.36
2012,RX3,64.81334
2012,RX4,128.95477
2012,RX5,42.78666
2012,RX6,110.8
2012,RX7,234.56786
2012,RX8,148.46
2012,RX9,152.60576
2012,RXA,37.78072
2012,RXC,87.16346
2012,RXE,57.03078
2012,RXF,98.88454
2012,RXG,43.98667
2012,RXH,141.2454
2012,RXK,148.79999
2012,RXL,82.64604
2012,RXM,81.4336
2012,RXN,60.488
2012,RXP,84.6088
2012,RXQ,120.57836
2012,RXR,125.12426
2012,RXT,141.71334
2012,RXV,76.75333
2012,RXW,117.54666
2012,RXX,95.58107
2012,RXY,37.86667
2012,RY1,123.73764
2012,RY2,88.26976
2012,RY3,56.33334
2012,RY4,70.17146
2012,RY5,41.52
2012,RY6,20.76667
2012,RY7,28.12888
2012,RY8,81.09226
2012,RYA,65.15333
2012,RYC,123.39342
2012,RYD,137.03999
2012,RYE,89.89333
2012,RYF,45.6
2012,RYG,132.45947
2012,RYH,45.3
2012,RYJ,321.20267
2012,RYK,24.85333
2012,RYQ,80.40444
2012,RYR,40.81208
2012,RYV,77.48454
2012,RYW,106.88
2012,RYX,102.08
2012,RYY,123.2044
2012,T1150,29.9
2012,T1160,203.53667
2012,T1190,78.08277
2012,T1310,352.57971
2012,T1430,81.7472
2012,T1440,365.75333
2012,T1450,249.75574
2012,T1460,153.38293
2012,T1480,12.8
2012,TAC,4
2012,TAD,131.23333
2012,TAE,71.55478
2012,TAF,80.67697
2012,TAH,64.44451
2012,TAJ,98.97102
2012,TAK,5.61147
2012,TAL,102.58126
2012,TAN,37.84
2012,TAP,85.0847
2012,X09,782.12976
2013,00F,1
2013,00M,57.84666
2013,00Q,23.44234
2013,00R,16.18
2013,00T,17
2013,00V,11.92666
2013,00W,61.69333
2013,00X,31.4
2013,00Y,10.74667
2013,01A,25.43627
2013,01C,15
2013,01D,11
2013,01F,6.90667
2013,01G,14.36
2013,01J,8.93333
2013,01K,12.05333
2013,01M,8.4
2013,01N,10.56
2013,01R,12.8
2013,01T,10.6
2013,01W,21.9
2013,01X,4
2013,01Y,15.5
2013,02A,18.5
2013,02D,6.22267
2013,02E,10.8
2013,02F,12.41333
2013,02G,9.8
2013,02H,49.50907
2013,02M,13.73333
2013,02N,10.2
2013,02P,23.6
2013,02Q,14.5
2013,02R,36
2013,02T,12.88
2013,02V,19.0112
2013,02X,36.28667
2013,03A,19.18666
2013,03C,23.34666
2013,03G,21.19467
2013,03H,29.7728
2013,03J,17.32267
2013,03K,10.826
2013,03L,21.90667
2013,03N,49.88839
2013,03R,22.79733
2013,04C,100.23546
2013,04D,53.29501
2013,04F,100.95762
2013,04J,97.17282
2013,04N,136.51789
2013,04X,28.3
2013,05A,37.65333
2013,05C,35.65622
2013,05H,6.92853
2013,05J,32.50414
2013,05L,88.65667
2013,05P,27.84506
2013,05R,8.58667
2013,05T,29.248
2013,05W,154.99616
2013,05Y,34.21455
2013,06A,14.56
2013,06F,61.13759
2013,06H,61.308
2013,06K,22.51814
2013,06M,25.7031
2013,06N,27.86667
2013,06P,22.33093
2013,06Q,10.87187
2013,06T,9.8
2013,06V,8
2013,06W,13.7
2013,06Y,15.6
2013,07G,5
2013,07H,13.31947
2013,07J,7.90667
2013,07K,98.57596
2013,07L,1
2013,07M,28.29279
2013,07N,14.59302
2013,07P,24.46933
2013,07Q,8.15833
2013,07R,29.07804
2013,07T,11.4
2013,07V,4
2013,07W,13.4
2013,07X,28.33333
2013,07Y,11.8
2013,08A,9.32
2013,08C,11.80667
2013,08D,27.8475
2013,08E,7
2013,08F,1
2013,08G,9.11813
2013,08H,25.16
2013,08J,6
2013,08K,9
2013,08L,11.98453
2013,08M,16.2
2013,08N,27.44
2013,08P,2
2013,08Q,6.8
2013,08R,2
2013,08T,5.21697
2013,08V,21.25333
2013,08W,14.93333
2013,08X,6.348
2013,08Y,11.49867
2013,09A,31.05973
2013,09D,30.09333
2013,09E,39.08132
2013,09G,41.78
2013,09L,8.4
2013,09N,30.46
2013,09P,37.06182
2013,09W,16.29541
2013,09X,32.7
2013,09Y,9.20667
2013,0AA,113.01172
2013,0AC,41
2013,0AD,180.81039
2013,0AE,146.14667
2013,0AH,43.20667
2013,0AJ,108.27333
2013,0AK,202.89094
2013,0AL,106.09813
2013,0AM,1.02667
2013,0AP,42.22667
2013,0AQ,218.45253
2013,0AR,47.5424
2013,0AT,181.89061
2013,0AV,239.6812
2013,0AW,20.8
2013,0AX,5
2013,0CC,176.7632
2013,0CE,128.67809
2013,0CF,180.57001
2013,0CH,150.85334
2013,10C,2.94053
2013,10H,15.43139
2013,10J,4.2
2013,10L,14.60909
2013,10Q,43.36666
2013,10R,12.92
2013,10V,5.6
2013,10X,8.9
2013,10Y,13.48887
2013,11A,14.78666
2013,11C,25.45334
2013,11D,16.45999
2013,11E,13.78667
2013,11H,18.23333
2013,11J,72.63534
2013,11M,33.61334
2013,11N,44.32
2013,11T,8.6
2013,11X,14.36667
2013,12A,20.47508
2013,12D,6.82667
2013,12F,13
2013,13P,57.20666
2013,5EM,1
2013,5F1,96.80933
2013,5FE,1
2013,5J6,1.6
2013,5KL,1
2013,5L1,2.50667
2013,5LH,0.81333
2013,5M8,1
2013,5N2,1
2013,5N9,1
2013,5NT,0.66667
2013,5PA,1
2013,5PG,1
2013,5QC,5
2013,5QE,1
2013,5QQ,20.72
2013,5QT,4
2013,99A,13
2013,99E,8.74667
2013,99F,6.73333
2013,99G,15.82667
2013,99H,6.02667
2013,99J,10.11714
2013,99K,15.45333
2013,99M,3.9
2013,99N,32.94667
2013,AHO,205.44825
2013,NAX,23.04
2013,NCS,372.26809
2013,NCY,51.67212
2013,NL1,3
2013,NL3,10
2013,NL8,15.4
2013,NLL,29.05334
2013,NLT,28.68
2013,NLW,14.72
2013,NLY,13.2
2013,NNF,36
2013,NNV,18.90667
2013,NQ1,30.2
2013,NQ7,59.66128
2013,NQA,20.19333
2013,NQK,3.6
2013,NQL,13.67121
2013,NQV,10.3
2013,NR3,53.8321
2013,NR5,18.95
2013,NRR,5.38783
2013,NRT,1
2013,Q31,0.6
2013,Q39,1
2013,R1A,20.85333
2013,R1C,75.62667
2013,R1D,36.64
2013,R1E,94.52213
2013,R1F,54.44774
2013,R1G,61.8
2013,R1H,273.13134
2013,R1J,30.8
2013,RA2,67.96415
2013,RA3,9
2013,RA4,47.468
2013,RA7,104.51385
2013,RA9,113.856
2013,RAE,57.09242
2013,RAJ,142.02
2013,RAL,57.2
2013,RAN,70.42065
2013,RAP,68.60719
2013,RAS,85.1752
2013,RAT,123.42603
2013,RAX,47.84
2013,RBA,52.4
2013,RBB,12.6
2013,RBD,54.46667
2013,RBK,88.28001
2013,RBL,108.88808
2013,RBN,46.45333
2013,RBQ,34
2013,RBS,81.13146
2013,RBT,56.38987
2013,RBV,42.6
2013,RBZ,88.07332
2013,RC1,50.46667
2013,RC3,101.85626
2013,RC9,65.13333
2013,RCB,117.35427
2013,RCD,54.56533
2013,RCF,53.19999
2013,RCU,55.5
2013,RCX,72.05333
2013,RD1,100.78661
2013,RD3,59.13706
2013,RD7,112.7488
2013,RD8,66.58026
2013,RDD,62.76
2013,RDE,68.62666
2013,RDR,42.25333
2013,RDU,56.08667
2013,RDY,94.96669
2013,RDZ,133.87333
2013,RE9,73.54684
2013,REF,89.33414
2013,REM,108.35568
2013,REN,50.79119
2013,REP,21.74
2013,RET,37.8
2013,RF4,77.65333
2013,RFF,52.13334
2013,RFR,70.97379
2013,RFS,41.95
2013,RFW,52.42666
2013,RGD,78.80186
2013,RGM,55.38667
2013,RGN,119.38655
2013,RGP,50.44
2013,RGQ,38.24811
2013,RGR,39.4
2013,RGT,188.60001
2013,RH5,50.17333
2013,RH8,73.34667
2013,RHA,200.41413
2013,RHM,266.60401
2013,RHQ,182.66266
2013,RHU,125.93554
2013,RHW,120.52344
2013,RJ1,272.54789
2013,RJ2,60.02667
2013,RJ6,40.4
2013,RJ7,104.888
2013,RJ8,61.42533
2013,RJC,71.44667
2013,RJD,69.74666
2013,RJE,151.37267
2013,RJF,75.71333
2013,RJL,90.256
2013,RJN,56.20267
2013,RJR,61.36453
2013,RJX,24.98667
2013,RJZ,110.42667
2013,RK5,78.49333
2013,RK9,119.64749
2013,RKB,175.62414
2013,RKE,114.56393
2013,RKL,96.28
2013,RL1,37.37333
2013,RL4,85.34666
2013,RLN,95.84
2013,RLQ,45.4
2013,RLT,33.58126
2013,RLU,64.8784
2013,RLY,37.31518
2013,RM1,52.20814
2013,RM2,60.52
2013,RM3,63.74802
2013,RMC,50.6376
2013,RMP,46.56
2013,RMY,97.24
2013,RN3,87.84721
2013,RN5,99.17867
2013,RN7,55.90001
2013,RNA,67.78739
2013,RNK,20.51867
2013,RNL,83.408
2013,RNN,101.75
2013,RNQ,80.54667
2013,RNS,131.68902
2013,RNU,150.35099
2013,RNZ,53.53351
2013,RP1,65.65066
2013,RP4,66.46
2013,RP5,140.69026
2013,RP6,61.46
2013,RP7,62.04
2013,RPA,58.97333
2013,RPC,17.41081
2013,RPG,73.92
2013,RPY,122.17334
2013,RQ3,110.33668
2013,RQ6,187.83424
2013,RQ8,65.57333
2013,RQM,111.96
2013,RQQ,47.90666
2013,RQW,77.06
2013,RQX,82.04
2013,RQY,106.68666
2013,RR1,145.54826
2013,RR7,64.13778
2013,RR8,135.40694
2013,RRD,52.2216
2013,RRE,44.6
2013,RRF,59.18
2013,RRJ,28.99667
2013,RRK,105.85802
2013,RRP,89.44667
2013,RRU,139.92667
2013,RRV,416.46916
2013,RT1,48.59333
2013,RT2,96.42668
2013,RT3,78.9
2013,RT5,220.76945
2013,RTD,164.92053
2013,RTE,77.04667
2013,RTF,209.76527
2013,RTG,108.13199
2013,RTH,155.83307
2013,RTK,48.37445
2013,RTP,85.96507
2013,RTQ,68.41546
2013,RTR,103.45334
2013,RTV,89.95922
2013,RTX,110.7112
2013,RV3,93.66985
2013,RV5,168.43307
2013,RV8,79.895
2013,RV9,37.008
2013,RVJ,270.06956
2013,RVL,99.97334
2013,RVN,133.09333
2013,RVR,93.65465
2013,RVV,90.52667
2013,RVW,84.35012
2013,RVY,34.8
2013,RW1,155.16415
2013,RW3,357.61327
2013,RW4,44.6
2013,RW5,326.97196
2013,RW6,113.45146
2013,RWA,174.2935
2013,RWD,88.36541
2013,RWE,86.10186
2013,RWF,153.13587
2013,RWG,108.70266
2013,RWH,60.70317
2013,RWJ,91.47494
2013,RWK,189.49333
2013,RWN,166.33748
2013,RWP,70.12667
2013,RWR,101.15494
2013,RWV,62.26667
2013,RWW,51.6
2013,RWX,173.78559
2013,RWY,85.11999
2013,RX1,268.38231
2013,RX2,82.44666
2013,RX3,67.23334
2013,RX4,136.69626
2013,RX6,104.3
2013,RX7,220.34786
2013,RX8,151.90684
2013,RX9,149.67243
2013,RXA,37.18478
2013,RXC,87.52533
2013,RXE,54.71478
2013,RXF,92.36453
2013,RXG,45.86667
2013,RXH,129.1788
2013,RXK,137.87332
2013,RXL,85.35333
2013,RXM,82.2
2013,RXN,97.39467
2013,RXP,91.45333
2013,RXQ,112.21287
2013,RXR,126.75093
2013,RXT,154.73333
2013,RXV,69.75334
2013,RXW,132.15333
2013,RXX,93.58666
2013,RXY,43.86667
2013,RY1,117.7907
2013,RY2,84.8002
2013,RY3,52.30667
2013,RY4,72.1767
2013,RY5,38.25333
2013,RY6,18.67208
2013,RY7,29.29333
2013,RY8,76.21333
2013,RY9,30.53889
2013,RYA,67.18666
2013,RYC,124.19477
2013,RYD,152.43999
2013,RYE,113.63999
2013,RYF,77.24693
2013,RYG,129.49894
2013,RYH,54.9
2013,RYJ,329.06266
2013,RYK,23.85333
2013,RYQ,70.53333
2013,RYR,48.84667
2013,RYV,87.37121
2013,RYW,119.34667
2013,RYX,102.54667
2013,RYY,127.13906
2013,T1150,50.5
2013,T1160,215.28268
2013,T1450,284.7067
2013,T1460,159.33626
2013,T1480,27.56
2013,T1490,127.05333
2013,T1510,321.94576
2013,TAD,135.06
2013,TAE,66.47477
2013,TAF,82.45351
2013,TAH,63.73784
2013,TAJ,88.48436
2013,X24,2246.11852
2013,X26,900.24152
2014,00F,1
2014,00M,90.34666
2014,00P,4
2014,00Q,22.108
2014,00R,21.58
2014,00T,22.70667
2014,00V,12.486
2014,00W,62.39333
2014,00X,32.42667
2014,00Y,14.74667
2014,01A,30.28293
2014,01C,17.4
2014,01D,14
2014,01E,3.5
2014,01F,9
2014,01G,21.4
2014,01J,9.73333
2014,01K,12.2
2014,01M,7.4
2014,01N,12.16
2014,01R,13.8
2014,01T,12
2014,01W,24.4
2014,01X,8
2014,01Y,14.5
2014,02A,24.88667
2014,02D,7.16
2014,02E,13
2014,02F,12.41333
2014,02G,13.6
2014,02H,34.70907
2014,02M,17.93333
2014,02N,12.76
2014,02P,27.13333
2014,02Q,13.3
2014,02R,35.90667
2014,02T,13.88
2014,02V,18.81333
2014,02W,5
2014,02X,33.23334
2014,02Y,29.19237
2014,03A,14.85333
2014,03C,30.69332
2014,03D,14.60086
2014,03E,12.10389
2014,03F,23.94456
2014,03G,26.36801
2014,03H,27.7728
2014,03J,16.12267
2014,03K,10.18
2014,03L,24.10667
2014,03M,25.61405
2014,03N,56.93627
2014,03Q,27.15903
2014,03R,29.384
2014,03T,12.6
2014,03V,8.70667
2014,03W,32.61333
2014,03X,10.54415
2014,03Y,15.41173
2014,04C,40.81333
2014,04D,21.92
2014,04E,27.2784
2014,04F,30.12667
2014,04G,76.85602
2014,04H,12.63573
2014,04J,25.98251
2014,04K,41.288
2014,04L,21.90667
2014,04M,11.50667
2014,04N,14.52939
2014,04Q,12.98
2014,04R,52.00521
2014,04V,38.76667
2014,04X,28.65811
2014,04Y,8.88182
2014,05A,44.45333
2014,05C,26.36667
2014,05D,10.4
2014,05F,15.72666
2014,05G,20.55253
2014,05H,10.92613
2014,05J,27.20414
2014,05L,76.84667
2014,05N,20.45334
2014,05P,25.14162
2014,05Q,23.72
2014,05R,12.41333
2014,05T,33.53467
2014,05V,22.81819
2014,05W,37.20666
2014,05X,18.8
2014,05Y,34.20122
2014,06A,24.00347
2014,06D,3.90667
2014,06F,78.58774
2014,06H,62.9
2014,06K,43.81626
2014,06M,28.00612
2014,06N,34.29334
2014,06P,32.90997
2014,06Q,11.47187
2014,06T,10.6
2014,06V,12.90667
2014,06W,16.8
2014,06Y,16.6
2014,07G,6
2014,07H,18.3728
2014,07J,11.25334
2014,07K,98.53294
2014,07L,1
2014,07M,34.03226
2014,07N,16.16318
2014,07P,26.92
2014,07Q,9.63333
2014,07R,32.22138
2014,07T,8.32
2014,07V,7
2014,07W,14.6
2014,07X,33.38
2014,07Y,16.50666
2014,08A,12.57
2014,08C,18.346
2014,08D,29.7475
2014,08E,11.5
2014,08F,1
2014,08G,10.4448
2014,08H,25.26667
2014,08J,3.86667
2014,08K,14
2014,08L,11.9
2014,08M,16.2
2014,08N,35.12251
2014,08P,2
2014,08Q,5.8
2014,08R,8.83
2014,08T,8.11697
2014,08V,24.6
2014,08W,24.33333
2014,08X,11.448
2014,08Y,15.64534
2014,09A,35.61973
2014,09C,3.77059
2014,09D,31.43999
2014,09E,17.70075
2014,09F,7.43092
2014,09G,36.66
2014,09J,3.049
2014,09L,6.70667
2014,09N,37.87335
2014,09P,33.63393
2014,09W,23.39486
2014,09X,31.78703
2014,09Y,5.10667
2014,0AA,106.82879
2014,0AC,39.44
2014,0AE,150.07013
2014,0AJ,238.36
2014,0AK,208.91334
2014,0AM,2.02667
2014,0AQ,257.37254
2014,0AR,57.74907
2014,0AT,198.16394
2014,0AV,138.49333
2014,0AW,20.8
2014,0AX,9.8
2014,0CE,114.62107
2014,0CF,161.08334
2014,0CG,115.05334
2014,0CH,367.73999
2014,10A,8.8027
2014,10C,7.14053
2014,10D,5.219
2014,10E,9.32093
2014,10G,1.90667
2014,10H,13.52253
2014,10J,3.3
2014,10L,15
2014,10N,2.21333
2014,10Q,37.84193
2014,10R,15.52
2014,10T,3
2014,10V,4.93333
2014,10W,2
2014,10X,8.4
2014,10Y,11.88887
2014,11A,11.33333
2014,11C,21
2014,11D,14.37333
2014,11E,15.18667
2014,11H,21.99333
2014,11J,71.14668
2014,11M,45.12001
2014,11N,44.52
2014,11T,6.18667
2014,11X,14.46667
2014,12A,19.98175
2014,12D,9.93333
2014,12F,16.8
2014,13P,70.65942
2014,99A,22
2014,99D,16
2014,99E,9.74667
2014,99F,6.73333
2014,99G,12.95334
2014,99H,9.02667
2014,99J,13.184
2014,99K,20.08394
2014,99M,6.1
2014,99N,37.84667
2014,99P,76.23933
2014,99Q,26.5
2014,AHO,216.95164
2014,NAX,24.61333
2014,NCS,283.59393
2014,NCY,72.94
2014,NL3,13
2014,NL8,16.99333
2014,NLL,28.02082
2014,NLT,32.78667
2014,NLW,20.12
2014,NNF,40.80667
2014,NNV,20.20667
2014,NQ1,22.61334
2014,NQ7,51.99263
2014,NQA,21.08
2014,NQK,4.6
2014,NQL,15.24454
2014,NQV,17.49334
2014,NR3,62.78091
2014,NR5,17.42667
2014,NRR,4.87243
2014,NRT,1
2014,R1A,20
2014,R1C,78.28666
2014,R1D,36.97333
2014,R1E,101.35546
2014,R1F,56.90774
2014,R1G,60.9
2014,R1H,233.55666
2014,R1J,33.4
2014,RA2,79.67883
2014,RA3,8
2014,RA4,50.768
2014,RA7,62.03333
2014,RA9,109.83067
2014,RAE,57.21242
2014,RAJ,141.42667
2014,RAL,133.77334
2014,RAN,65.00875
2014,RAP,59.93333
2014,RAS,76.06854
2014,RAT,137.36319
2014,RAX,68.14
2014,RBA,59.16
2014,RBB,14
2014,RBD,55.128
2014,RBK,80.63814
2014,RBL,103.15928
2014,RBN,50.30666
2014,RBQ,35.4
2014,RBS,81.93146
2014,RBT,55.58987
2014,RBV,80.42667
2014,RBZ,88.37999
2014,RC1,49.93267
2014,RC3,102.14959
2014,RC9,66.93333
2014,RCB,134.46879
2014,RCD,58.52532
2014,RCF,52.15333
2014,RCU,56.94
2014,RCX,63.25333
2014,RD1,109.86002
2014,RD3,61.28373
2014,RD7,98.67759
2014,RD8,79.22026
2014,RDD,49.56
2014,RDE,79.65999
2014,RDR,38.45333
2014,RDU,56.59467
2014,RDY,98.24669
2014,RDZ,125.30144
2014,RE9,77.04684
2014,REF,106.98747
2014,REM,113.97549
2014,REN,61.21786
2014,REP,23.82667
2014,RET,43.8
2014,RF4,80.45333
2014,RFF,64.25334
2014,RFR,68.06898
2014,RFS,50.71
2014,RFW,55.22666
2014,RGD,73.08853
2014,RGM,51.64667
2014,RGN,114.56444
2014,RGP,55.7
2014,RGQ,44.8
2014,RGR,50.87532
2014,RGT,198.98666
2014,RH5,48.88
2014,RH8,92.46666
2014,RHA,221.37066
2014,RHM,311.18268
2014,RHQ,174.06265
2014,RHU,136.26221
2014,RHW,115.7701
2014,RJ1,243.33583
2014,RJ2,110.62222
2014,RJ6,49.86
2014,RJ7,120.21217
2014,RJ8,47.932
2014,RJC,71.84667
2014,RJD,58.78666
2014,RJE,171.51826
2014,RJF,71.11867
2014,RJL,94.22268
2014,RJN,57.2248
2014,RJR,64.62
2014,RJX,24.78667
2014,RJZ,165.20417
2014,RK5,101.42666
2014,RK9,123.5016
2014,RKB,196.17747
2014,RKE,114.73699
2014,RKL,85.88
2014,RL1,35.66666
2014,RL4,86.34668
2014,RLN,101.62667
2014,RLQ,50.14
2014,RLT,34.58667
2014,RLU,60.13165
2014,RLY,35.01518
2014,RM1,49.37747
2014,RM2,63.4608
2014,RM3,90.52802
2014,RMC,38.8
2014,RMP,55.50667
2014,RMY,79.21351
2014,RN3,66.82348
2014,RN5,102.45352
2014,RN7,68.52001
2014,RNA,60.3182
2014,RNK,22.56533
2014,RNL,84.25467
2014,RNN,110.70667
2014,RNQ,76.10667
2014,RNS,128.83569
2014,RNU,146.29333
2014,RNZ,48.92
2014,RP1,64.20667
2014,RP4,59.8
2014,RP5,124.74053
2014,RP6,81.53
2014,RP7,69.24
2014,RPA,67.17334
2014,RPC,18.01081
2014,RPG,68.08666
2014,RPY,86.88667
2014,RQ3,114.56334
2014,RQ6,228.54971
2014,RQ8,72.28
2014,RQM,119.41333
2014,RQQ,57.76
2014,RQW,81.99333
2014,RQX,84.29333
2014,RQY,115.82
2014,RR1,142.33927
2014,RR7,65.93778
2014,RR8,143.22667
2014,RRD,52.50415
2014,RRE,47.7
2014,RRF,73.43334
2014,RRJ,33.66667
2014,RRK,120.40714
2014,RRP,96.34667
2014,RRU,141.02
2014,RRV,413.52394
2014,RT1,68
2014,RT2,98.73334
2014,RT3,87.15778
2014,RT5,214.33945
2014,RTD,171.48719
2014,RTE,96.74001
2014,RTF,224.99194
2014,RTG,103.93092
2014,RTH,160.55308
2014,RTK,50.644
2014,RTP,86.08507
2014,RTQ,68.33106
2014,RTR,94.80694
2014,RTV,83.45254
2014,RTX,124.9112
2014,RV3,92.311
2014,RV5,157.71306
2014,RV8,73.50667
2014,RV9,40.31414
2014,RVJ,291.92875
2014,RVN,133.94668
2014,RVR,103.81251
2014,RVV,96.46667
2014,RVW,87.60346
2014,RVY,30.72
2014,RW1,164.56
2014,RW3,424.80415
2014,RW4,58
2014,RW5,395.69333
2014,RW6,113.9048
2014,RWA,194.18999
2014,RWD,82.73333
2014,RWE,90.41787
2014,RWF,140.14919
2014,RWG,115.84933
2014,RWH,62.09747
2014,RWJ,96.16401
2014,RWK,195.01333
2014,RWN,150.53225
2014,RWP,73.98
2014,RWR,108.83334
2014,RWV,61.35333
2014,RWW,53.2888
2014,RWX,182.09226
2014,RWY,95.23333
2014,RX1,299.0311
2014,RX2,100.99334
2014,RX3,76.91334
2014,RX4,148.87865
2014,RX6,100.8
2014,RX7,234.71999
2014,RX8,144.08
2014,RX9,144.13243
2014,RXA,40.7
2014,RXC,101.66
2014,RXE,49.26144
2014,RXF,91.97121
2014,RXG,44.8
2014,RXH,123.07058
2014,RXK,140.55998
2014,RXL,90.65333
2014,RXM,83.95333
2014,RXN,109.968
2014,RXP,144.5392
2014,RXQ,112.23546
2014,RXR,141.07201
2014,RXT,149.28666
2014,RXV,65.92
2014,RXW,138.91334
2014,RXX,84.93333
2014,RXY,44.4
2014,RY1,120.00534
2014,RY2,85.8872
2014,RY3,54.68667
2014,RY4,59.79999
2014,RY5,34.87333
2014,RY6,18.27478
2014,RY7,26.69333
2014,RY8,78.91333
2014,RY9,33.73889
2014,RYA,76.22667
2014,RYC,90.25333
2014,RYD,180.45333
2014,RYE,70.69846
2014,RYF,85.14693
2014,RYG,139.95173
2014,RYJ,363.99786
2014,RYK,23.85333
2014,RYR,53.46001
2014,RYV,53.61334
2014,RYW,127.15333
2014,RYX,70.08667
2014,RYY,155.94839
2014,T1150,52.7
2014,T1450,242.39975
2014,T1460,149.78666
2014,T1480,36.7
2014,T1490,167.71333
2014,T1510,474.14112
2014,TAD,138.90666
2014,TAE,58.12297
2014,TAF,85.3
2014,TAH,88.90453
2014,TAJ,99.54346
2014,X24,1685.45755
2014,X26,839.72639
2014,X80,234.09667
2015,00C,1
2015,00M,105.89567
2015,00P,2
2015,00Q,21.76133
2015,00R,22.23333
2015,00T,22.6
2015,00V,19.97933
2015,00W,72.77999
2015,00X,35.65333
2015,00Y,17.74667
2015,01A,32.2887
2015,01C,19.8
2015,01D,27.42667
2015,01E,3.6
2015,01F,9
2015,01G,28.15333
2015,01H,1
2015,01J,13.68
2015,01K,13.02505
2015,01M,8.6
2015,01N,14.56
2015,01R,16.8
2015,01T,17
2015,01W,25.6
2015,01X,9
2015,01Y,26.6
2015,02A,30.89667
2015,02D,5.73333
2015,02E,13
2015,02F,15.6
2015,02G,14.20667
2015,02H,40.29333
2015,02M,19.3
2015,02N,13.4
2015,02P,32.6
2015,02Q,11.9
2015,02R,41.60667
2015,02T,14.96667
2015,02V,19.61333
2015,02W,2.184
2015,02X,37.15334
2015,02Y,38.09237
2015,03A,15.88
2015,03C,30.66666
2015,03D,15.60086
2015,03E,15.66823
2015,03F,22.81122
2015,03G,30.71468
2015,03H,29.9328
2015,03J,19.12267
2015,03K,9.726
2015,03L,29.30667
2015,03M,30.22071
2015,03N,58.18961
2015,03Q,29.84278
2015,03R,34.51733
2015,03T,16.6
2015,03V,8.50667
2015,03W,33.61333
2015,03X,7.61081
2015,03Y,23.5036
2015,04C,29.53333
2015,04D,25.32
2015,04E,29.46666
2015,04F,36.18699
2015,04G,64.76935
2015,04H,11.03573
2015,04J,27.78251
2015,04K,41.72133
2015,04L,22.2
2015,04M,10.50667
2015,04N,15.10667
2015,04Q,9.8
2015,04R,57.06476
2015,04V,31.05333
2015,04X,30.48311
2015,04Y,6.8
2015,05A,42.3
2015,05C,37.56665
2015,05D,10.4
2015,05F,14.72666
2015,05G,21.85254
2015,05H,10.92613
2015,05J,34.61636
2015,05L,89.38144
2015,05N,23.74667
2015,05P,25.22135
2015,05Q,21.33333
2015,05R,14.66666
2015,05T,31.73999
2015,05V,22.72728
2015,05W,29.60666
2015,05X,22.90667
2015,05Y,36.90122
2015,06A,31.60347
2015,06D,4.90667
2015,06F,73.1451
2015,06H,77.8
2015,06K,92.21627
2015,06M,33.60612
2015,06N,69.635
2015,06P,43.60985
2015,06Q,14.90667
2015,06T,23.64667
2015,06V,13.90667
2015,06W,18.8
2015,06Y,18.348
2015,07G,11.6
2015,07H,19.88747
2015,07J,11.65334
2015,07K,94.75695
2015,07L,3
2015,07M,28.68799
2015,07N,16.56667
2015,07P,123.9768
2015,07Q,14.32666
2015,07R,39.86667
2015,07T,8.32
2015,07V,8.7
2015,07W,36.4
2015,07X,36.44667
2015,07Y,20.8
2015,08A,17.87
2015,08C,27.166
2015,08D,33.9475
2015,08E,13.56667
2015,08F,1
2015,08G,17.0448
2015,08H,31.46
2015,08J,6.26667
2015,08K,17.20667
2015,08L,12.9
2015,08M,19.7
2015,08N,38.88251
2015,08P,6.5
2015,08Q,9.4
2015,08R,9.83
2015,08T,13.11697
2015,08V,24.1
2015,08W,23.5
2015,08X,11.548
2015,08Y,21.77867
2015,09A,76.03999
2015,09C,2.01559
2015,09D,28.63999
2015,09E,16.33256
2015,09F,6.35455
2015,09G,38.66
2015,09J,3.552
2015,09L,9.8
2015,09N,33.40001
2015,09P,31.04546
2015,09W,20.90667
2015,09X,35.7117
2015,09Y,11.25334
2015,0AQ,274.29921
2015,0AR,88.1424
2015,0CX,349.51334
2015,0CY,216.10666
2015,0DA,220.07
2015,0DC,69.2
2015,0DE,292.42214
2015,0DF,192.74333
2015,10A,11.96923
2015,10C,8.4
2015,10D,5.3225
2015,10E,10.67322
2015,10G,1.90667
2015,10H,17.134
2015,10J,1.3
2015,10L,16
2015,10M,2
2015,10N,2.21333
2015,10Q,43.96089
2015,10R,17.93334
2015,10T,4
2015,10V,10.81334
2015,10W,2
2015,10X,6.4
2015,10Y,16.88885
2015,11A,15.44
2015,11C,31
2015,11D,19.17333
2015,11E,19.4
2015,11H,20.26
2015,11J,63.33067
2015,11M,57.08334
2015,11N,48.98667
2015,11T,7.56
2015,11X,15.66667
2015,12A,22.22175
2015,12D,16
2015,12F,22.8
2015,13P,80.88263
2015,99A,20
2015,99D,10
2015,99E,13.54667
2015,99F,11.63333
2015,99G,13.72667
2015,99H,18.65333
2015,99J,16.72109
2015,99K,20.87313
2015,99M,11.8
2015,99N,34.61334
2015,99P,75.19774
2015,99Q,27.46
2015,AHO,210.13976
2015,NAX,28.12
2015,NCS,293.40667
2015,NCY,66.54907
2015,NJH,8.85333
2015,NL3,12
2015,NL8,22.6
2015,NLL,24.92749
2015,NLT,28.60667
2015,NLW,25.72
2015,NNF,31.05333
2015,NNV,16.90667
2015,NQ1,19.86667
2015,NQ7,45.23929
2015,NQA,22.48
2015,NQK,4.6
2015,NQL,15.48454
2015,NQV,12.6
2015,NR3,78.16677
2015,NR5,20.6
2015,NRR,5.29333
2015,R1A,19
2015,R1C,77.32666
2015,R1D,37.97333
2015,R1E,111.95546
2015,R1F,58.54107
2015,R1H,247.8532
2015,R1J,38.6568
2015,R1K,190.85982
2015,RA2,83.24667
2015,RA3,7
2015,RA4,67.504
2015,RA7,68.23333
2015,RA9,165.37547
2015,RAE,56.74576
2015,RAJ,135.05
2015,RAL,113.4
2015,RAN,61.92199
2015,RAP,69.86666
2015,RAS,77.08187
2015,RAT,129.76167
2015,RAX,67.06667
2015,RBA,64.33333
2015,RBD,54.00667
2015,RBK,84.60498
2015,RBL,83.75928
2015,RBN,51.65333
2015,RBQ,44.2
2015,RBS,78.54265
2015,RBT,55.08987
2015,RBV,82.92667
2015,RBZ,96.33333
2015,RC1,50.46667
2015,RC9,78.78
2015,RCB,133.87546
2015,RCD,57.20586
2015,RCF,55.06
2015,RCU,60.44
2015,RCX,62.89333
2015,RD1,119.99415
2015,RD3,77.9504
2015,RD8,88.6336
2015,RDD,61.22676
2015,RDE,83.84665
2015,RDR,54.96
2015,RDU,144.4568
2015,RDY,127.20665
2015,RDZ,113.29081
2015,RE9,78.51351
2015,REF,100.36081
2015,REM,124.70018
2015,REN,73.73119
2015,REP,55.45334
2015,RET,47.8
2015,RF4,91.45333
2015,RFF,66.88
2015,RFR,71.50738
2015,RFS,50.97
2015,RGD,78.66871
2015,RGM,52.71999
2015,RGN,104.17174
2015,RGP,50.352
2015,RGQ,57.06667
2015,RGR,59.29532
2015,RGT,223.18666
2015,RH5,44.08
2015,RH8,101.63999
2015,RHA,241.49332
2015,RHM,320.12322
2015,RHQ,188.74265
2015,RHU,147.83332
2015,RHW,118.92343
2015,RJ1,324.96917
2015,RJ2,128.60222
2015,RJ6,45.33333
2015,RJ7,122.15217
2015,RJ8,53.492
2015,RJC,84.47604
2015,RJE,215.2716
2015,RJF,89.87999
2015,RJL,112.57602
2015,RJN,52.34266
2015,RJR,62.64667
2015,RJX,21.59333
2015,RJZ,148.62827
2015,RK5,114.3
2015,RK9,119.9756
2015,RKB,206.73335
2015,RKE,99.98152
2015,RKL,81.98
2015,RL1,37.26666
2015,RL4,93.36001
2015,RLN,106.14667
2015,RLQ,60.60667
2015,RLT,32.29343
2015,RLU,68.46481
2015,RLY,38.2176
2015,RM1,47.92414
2015,RM2,84.06
2015,RM3,117.67468
2015,RMC,43.7
2015,RMP,63.85334
2015,RMY,96.17334
2015,RN3,69.96
2015,RN5,109.86668
2015,RN7,76.88667
2015,RNA,60.2063
2015,RNK,24.66666
2015,RNL,83.78666
2015,RNN,101.82
2015,RNQ,65.18667
2015,RNS,129.95225
2015,RNU,142.14
2015,RNZ,53.804
2015,RP1,48.73333
2015,RP4,58.94
2015,RP5,150.3752
2015,RP6,82.87
2015,RP7,60.24
2015,RPA,69.81333
2015,RPC,18.50676
2015,RPG,63.07333
2015,RPY,97.34
2015,RQ3,131.58
2015,RQ6,268.2697
2015,RQ8,67.32667
2015,RQM,178.33999
2015,RQQ,59.3963
2015,RQW,90.39333
2015,RQX,71.49333
2015,RQY,122.82
2015,RR1,149.25101
2015,RR7,72.20445
2015,RR8,118.62667
2015,RRD,64.83294
2015,RRE,46.21333
2015,RRF,98.26001
2015,RRJ,38.92667
2015,RRK,89.77957
2015,RRP,100.30667
2015,RRU,187.136
2015,RRV,401.71583
2015,RT1,94.25082
2015,RT2,103.23623
2015,RT3,80.98
2015,RT5,212.60373
2015,RTD,180.38053
2015,RTE,102.37937
2015,RTF,221.9386
2015,RTG,123.13758
2015,RTH,187.71715
2015,RTK,53.844
2015,RTP,93.09372
2015,RTQ,76.59987
2015,RTR,101.02027
2015,RTV,74.31201
2015,RTX,140.83761
2015,RV3,140.79333
2015,RV5,178.7968
2015,RV9,46.36
2015,RVJ,346.44682
2015,RVN,136.15385
2015,RVR,114.72826
2015,RVV,106.68667
2015,RVW,89.32346
2015,RVY,28.4
2015,RW1,143.22258
2015,RW3,416.15306
2015,RW4,80.7
2015,RW5,428.33401
2015,RW6,131.9848
2015,RWA,185.58332
2015,RWD,78.76666
2015,RWE,87.54667
2015,RWF,120.32252
2015,RWG,144.03546
2015,RWH,53.79134
2015,RWJ,97.36941
2015,RWK,214.7132
2015,RWN,123.25225
2015,RWP,78.95334
2015,RWR,115.16375
2015,RWV,74.47792
2015,RWW,67.78213
2015,RWX,184.21893
2015,RWY,130.03333
2015,RX1,359.5783
2015,RX2,112.82
2015,RX3,107.98001
2015,RX4,135.57572
2015,RX6,109
2015,RX7,245.30221
2015,RX8,136.36666
2015,RX9,152.63243
2015,RXA,47.1
2015,RXC,102.46667
2015,RXE,73.56811
2015,RXF,111.65211
2015,RXG,43.87333
2015,RXH,122.68121
2015,RXK,131.56666
2015,RXL,104.61333
2015,RXM,84.25333
2015,RXN,120.176
2015,RXP,146.2992
2015,RXQ,134.27546
2015,RXR,125.88054
2015,RXT,143.33333
2015,RXV,56.72353
2015,RXW,136.42667
2015,RXX,82.53333
2015,RXY,51.30667
2015,RY1,78.56012
2015,RY2,70.20414
2015,RY3,45.56
2015,RY4,62.19999
2015,RY5,30.58666
2015,RY6,28.21334
2015,RY7,26.17333
2015,RY8,74.10667
2015,RY9,38.93889
2015,RYA,76.54
2015,RYC,72.24
2015,RYD,190.65333
2015,RYE,76.71333
2015,RYF,89.46693
2015,RYG,171.95132
2015,RYJ,385.6312
2015,RYK,26.65333
2015,RYR,63.80668
2015,RYV,34.24
2015,RYW,132.67334
2015,RYX,61.19334
2015,RYY,125.81586
2015,T1150,54.5
2015,T1450,234.04748
2015,T1460,141.41333
2015,T1480,43.5
2015,T1490,202.66666
2015,T1510,474.09256
2015,TAD,126.74667
2015,TAE,47.96388
2015,TAF,88.43334
2015,TAH,114.17754
2015,TAJ,117.7258
2015,X24,1320.8765
2015,X26,794.90942
2015,X80,242.86612
2016,00C,1
2016,00M,101.16534
2016,00P,1
2016,00Q,21.12593
2016,00R,28.04
2016,00T,27
2016,00V,19.98
2016,00W,78.99333
2016,00X,35
2016,00Y,70.2
2016,01A,37.49404
2016,01C,21.4
2016,01D,18.3
2016,01E,3
2016,01F,11
2016,01G,29.63334
2016,01H,1
2016,01J,19.04667
2016,01K,15.03839
2016,01M,7.6
2016,01N,12.6
2016,01R,21.8
2016,01T,24.77333
2016,01W,27.03333
2016,01X,15
2016,01Y,25.81334
2016,02A,30.40667
2016,02D,5.10667
2016,02E,18.6
2016,02F,23.52
2016,02G,14.6
2016,02H,40
2016,02M,24.08933
2016,02N,13.8
2016,02P,30.9
2016,02Q,12.04333
2016,02R,49.48
2016,02T,24.08666
2016,02V,21.18667
2016,02W,1
2016,02X,40.24667
2016,02Y,29.32126
2016,03A,24.78
2016,03C,29.97333
2016,03D,15.66667
2016,03E,15.40432
2016,03F,29.62667
2016,03G,35.48801
2016,03H,31.30614
2016,03J,21.12267
2016,03K,18.75333
2016,03L,34.62667
2016,03M,44.08
2016,03N,85.53627
2016,03Q,31.28747
2016,03R,59.89467
2016,03T,23.8
2016,03V,6.6
2016,03W,40.01999
2016,03X,14.41081
2016,03Y,26.4
2016,04C,32.13333
2016,04D,25.00667
2016,04E,28.38666
2016,04F,40.47334
2016,04G,65.82666
2016,04H,8.98666
2016,04J,31.12001
2016,04K,53.50667
2016,04L,24.2
2016,04M,9.50667
2016,04N,18.46667
2016,04Q,14.2
2016,04R,62.93333
2016,04V,32.41333
2016,04X,32.11811
2016,04Y,4.8
2016,05A,41.95333
2016,05C,37.53332
2016,05D,10.26054
2016,05F,15.42667
2016,05G,23.03921
2016,05H,16.81093
2016,05J,27.85637
2016,05L,69.90667
2016,05N,25.48
2016,05P,22.27622
2016,05Q,20.33333
2016,05R,14.06667
2016,05T,36.15012
2016,05V,22.25455
2016,05W,33.70666
2016,05X,23.41478
2016,05Y,31.54667
2016,06A,39.23014
2016,06D,4.38667
2016,06F,58.09533
2016,06H,74.66667
2016,06K,55.37013
2016,06M,35.46507
2016,06N,48.8
2016,06P,26.30093
2016,06Q,27.44
2016,06T,25.16001
2016,06V,15.4
2016,06W,19.68
2016,06Y,17.3
2016,07G,15.8
2016,07H,20.63508
2016,07J,10.65334
2016,07K,106.65021
2016,07L,3
2016,07M,22.92746
2016,07N,14.8302
2016,07P,123.70667
2016,07Q,9.30734
2016,07R,50.23333
2016,07T,9.52
2016,07V,18.15333
2016,07W,50
2016,07X,36.14667
2016,07Y,20.90667
2016,08A,12.87
2016,08C,26.146
2016,08D,32.8275
2016,08E,22.96667
2016,08F,1
2016,08G,22.05147
2016,08H,27.7
2016,08J,6.35333
2016,08K,14.70667
2016,08L,13.71333
2016,08M,24.3
2016,08N,40.72251
2016,08P,10.66
2016,08Q,15.55
2016,08R,7.61715
2016,08T,13.41271
2016,08V,36.095
2016,08W,22.8
2016,08X,14.348
2016,08Y,19.912
2016,09A,102.58666
2016,09C,3.006
2016,09D,34.56666
2016,09E,13.26132
2016,09F,5.9
2016,09G,39.55291
2016,09H,0.2
2016,09J,3.512
2016,09L,8.6
2016,09N,28.85334
2016,09P,29.55213
2016,09W,21.70667
2016,09X,30.51934
2016,09Y,13.54667
2016,10A,15.70182
2016,10C,11.14
2016,10D,13.638
2016,10E,20.727
2016,10H,16.30051
2016,10J,4.09333
2016,10K,1
2016,10L,24.5
2016,10M,2
2016,10N,2.21333
2016,10Q,46.80215
2016,10R,20.13334
2016,10T,2.8
2016,10V,12
2016,10W,2
2016,10X,9.02667
2016,10Y,19.77773
2016,11A,20.54
2016,11C,40.72
2016,11D,32.08
2016,11E,18.48
2016,11H,20.7
2016,11J,64.13733
2016,11M,59.26334
2016,11N,46.4
2016,11T,9.82666
2016,11X,17.2
2016,12A,31.72842
2016,12D,16.30667
2016,12F,32.45333
2016,13P,78.49333
2016,99A,15
2016,99D,8
2016,99E,16.4
2016,99F,14.4
2016,99G,16.72667
2016,99H,31.04
2016,99J,15.43253
2016,99K,20.19757
2016,99M,18.60667
2016,99N,29.11334
2016,99P,64.35855
2016,99Q,30.53015
2016,R1A,19.8
2016,R1C,75.40667
2016,R1D,40.61333
2016,R1E,88.66213
2016,R1F,73.09333
2016,R1H,253.91001
2016,R1J,37.11013
2016,R1K,204.28649
2016,RA2,74.82667
2016,RA3,8
2016,RA4,91.4
2016,RA7,79.21334
2016,RA9,125.87999
2016,RAE,56.09243
2016,RAJ,154.97821
2016,RAL,92.2
2016,RAN,56.33135
2016,RAP,70.46666
2016,RAS,83.42
2016,RAT,152.75334
2016,RAX,74.07334
2016,RBA,55.57334
2016,RBD,65.5
2016,RBK,91.05814
2016,RBL,86.38666
2016,RBN,76.35333
2016,RBQ,53.3
2016,RBS,84.13466
2016,RBT,54.78987
2016,RBV,95.83334
2016,RBZ,91.27333
2016,RC1,42.98667
2016,RC9,80.31333
2016,RCB,138.79812
2016,RCD,55.12587
2016,RCF,57.95333
2016,RCU,61.55999
2016,RCX,61.04666
2016,RD1,128.36514
2016,RD3,73.95707
2016,RD8,84.18
2016,RDD,79.44009
2016,RDE,102.05333
2016,RDR,71.07552
2016,RDU,137.61813
2016,RDY,128.90317
2016,RDZ,62.08
2016,RE9,66.02
2016,REF,100.22747
2016,REM,123.37856
2016,REN,75.85119
2016,REP,50.30145
2016,RET,49.98667
2016,RF4,109.72
2016,RFF,70.09334
2016,RFR,85.50098
2016,RFS,53.48
2016,RGD,65.35351
2016,RGM,51.72
2016,RGN,110.5607
2016,RGP,45.33867
2016,RGQ,61.64
2016,RGR,67.93532
2016,RGT,237.61331
2016,RH5,36.6
2016,RH8,99.45332
2016,RHA,228.5708
2016,RHM,320.1999
2016,RHQ,207.11732
2016,RHU,151.66
2016,RHW,115.93748
2016,RJ1,349.80277
2016,RJ2,121.2911
2016,RJ6,55.85333
2016,RJ7,107.45216
2016,RJ8,94.6248
2016,RJC,84.96
2016,RJE,211.14826
2016,RJF,94.86667
2016,RJL,124.84267
2016,RJN,51.73147
2016,RJR,65.83333
2016,RJZ,153.27521
2016,RK5,103.27547
2016,RK9,120.50066
2016,RKB,222.78667
2016,RKE,113.75485
2016,RKL,87.3
2016,RL1,40.66666
2016,RL4,98.23334
2016,RLN,106.04001
2016,RLQ,56.48
2016,RLT,33.25333
2016,RLU,53.7848
2016,RLY,40.93493
2016,RM1,58.33081
2016,RM2,113.28
2016,RM3,157.3169
2016,RMC,45.74
2016,RMP,68.48
2016,RMY,103.08666
2016,RN3,77.17333
2016,RN5,75.90668
2016,RN7,76.40667
2016,RNA,75.39297
2016,RNK,30.5
2016,RNL,87.05332
2016,RNN,121.48666
2016,RNQ,83.49013
2016,RNS,136.36079
2016,RNU,155.73333
2016,RNZ,87.43067
2016,RP1,48.7
2016,RP4,64.30695
2016,RP5,138.82188
2016,RP6,94.9
2016,RP7,84.52667
2016,RPA,90.84666
2016,RPC,18.8
2016,RPG,84.63333
2016,RPY,112.33001
2016,RQ3,140.96667
2016,RQ6,272.37999
2016,RQ8,79.55334
2016,RQM,168.98
2016,RQQ,68.64
2016,RQW,86.33334
2016,RQX,52.84
2016,RQY,114.22
2016,RR1,130.35101
2016,RR7,82.06445
2016,RR8,116.79066
2016,RRD,65.35333
2016,RRE,46.6
2016,RRF,93.56001
2016,RRJ,45.54
2016,RRK,74.20642
2016,RRP,102.93654
2016,RRU,288.5881
2016,RRV,391.90517
2016,RT1,109.09747
2016,RT2,96.26667
2016,RT3,82.38
2016,RT5,231.32267
2016,RTD,179.31386
2016,RTE,100.69936
2016,RTF,219.4749
2016,RTG,121.23758
2016,RTH,203.36661
2016,RTK,56.18778
2016,RTP,90.21659
2016,RTQ,82.3832
2016,RTR,91.29893
2016,RTV,83.66667
2016,RTX,145.39761
2016,RV3,180.20333
2016,RV5,191.43347
2016,RV9,56.52
2016,RVJ,243.98582
2016,RVN,134.76718
2016,RVR,126.01493
2016,RVV,110.65333
2016,RVW,91.75334
2016,RVY,27.4
2016,RW1,113.33673
2016,RW3,410.82253
2016,RW4,85.09333
2016,RW5,220.58333
2016,RW6,144.22668
2016,RWA,202.64998
2016,RWD,81.51333
2016,RWE,96.43467
2016,RWF,110.36252
2016,RWG,148.16452
2016,RWH,52.69134
2016,RWJ,107.99607
2016,RWK,227.46666
2016,RWN,119.08559
2016,RWP,97.74667
2016,RWR,125.47814
2016,RWV,81.63792
2016,RWW,68.65333
2016,RWX,188.77333
2016,RWY,140.73999
2016,RX1,492.85173
2016,RX2,117.21333
2016,RX3,114.91333
2016,RX4,129.95999
2016,RX6,80.20667
2016,RX7,101.54221
2016,RX8,139.81332
2016,RX9,136.43243
2016,RXA,48.05333
2016,RXC,104.46667
2016,RXE,76.78811
2016,RXF,116.07229
2016,RXG,53.98667
2016,RXH,130.12472
2016,RXK,132.54445
2016,RXL,116.76346
2016,RXM,72.19333
2016,RXN,100.99467
2016,RXP,136.0392
2016,RXQ,118.70816
2016,RXR,130.42853
2016,RXT,134.33333
2016,RXV,62.84353
2016,RXW,144.208
2016,RXX,93.61568
2016,RXY,55.10667
2016,RY1,73.27265
2016,RY2,67.94
2016,RY3,63.32
2016,RY4,65.87999
2016,RY5,32.68
2016,RY6,28.74001
2016,RY7,23.68
2016,RY8,76.08667
2016,RY9,43.23889
2016,RYA,73.64
2016,RYC,70.3
2016,RYD,192.14
2016,RYE,85.04666
2016,RYF,90.54692
2016,RYG,134.53159
2016,RYJ,380.48186
2016,RYK,32.65333
2016,RYR,74.42001
2016,RYV,32.4
2016,RYW,142.92668
2016,RYX,55.38667
2016,RYY,133.59
2016,TAD,81.88
2016,TAE,45.21081
2016,TAF,97.94667
2016,TAH,89.48907
2016,TAJ,93.8376
2017,00M,86.44787
2017,00P,1
2017,00Q,20.6726
2017,00R,29.44667
2017,00T,29.85333
2017,00V,20.82667
2017,00X,37
2017,00Y,70.70667
2017,01A,40.47395
2017,01C,29.09333
2017,01D,12.58666
2017,01E,5.2
2017,01F,10.6
2017,01G,29.48666
2017,01H,1
2017,01J,23.67334
2017,01K,29.45697
2017,01R,25.2
2017,01T,25.05333
2017,01W,23
2017,01X,18.4
2017,01Y,25.81334
2017,02A,34.87999
2017,02D,6.10667
2017,02E,19.94667
2017,02F,33.75999
2017,02G,14.86667
2017,02H,42
2017,02M,26.21751
2017,02N,15.4
2017,02P,32.82
2017,02Q,14.85333
2017,02R,53.57494
2017,02T,28.69333
2017,02V,16.84001
2017,02W,1.55554
2017,02X,46.08155
2017,02Y,26.01619
2017,03A,28.34107
2017,03C,30.4
2017,03D,15.37334
2017,03E,17.02165
2017,03F,31.4403
2017,03G,31.93468
2017,03H,32.54667
2017,03J,25.02453
2017,03K,16.75333
2017,03L,34.17334
2017,03M,31.18833
2017,03N,92.55648
2017,03Q,21.65067
2017,03R,75.64799
2017,03T,28.6
2017,03V,6.6
2017,03W,38.21999
2017,03X,15.01081
2017,03Y,22.8
2017,04C,34.93333
2017,04D,31.01334
2017,04E,35.61333
2017,04F,45.2
2017,04G,52
2017,04H,8.45333
2017,04J,27.50667
2017,04K,54.34
2017,04L,21.18666
2017,04M,8.30667
2017,04N,18.16
2017,04Q,8
2017,04R,54.49333
2017,04V,33.36
2017,04X,28.68667
2017,04Y,3
2017,05A,42.35839
2017,05C,41.17331
2017,05D,11.66667
2017,05F,16.76
2017,05G,26.14587
2017,05H,25.37333
2017,05J,26.41334
2017,05L,69.95334
2017,05N,34.94666
2017,05P,20.00667
2017,05Q,25.34667
2017,05R,24.89333
2017,05T,39.06346
2017,05V,35.8
2017,05W,30.65333
2017,05X,22.59667
2017,05Y,35.54667
2017,06A,34.25333
2017,06D,4.38667
2017,06F,66.30758
2017,06H,88.48055
2017,06K,55.65013
2017,06M,33.77174
2017,06N,58.37761
2017,06P,31.49138
2017,06Q,27.54
2017,06T,22.21334
2017,06V,18.9
2017,06W,26.13333
2017,06Y,17.03333
2017,07G,17
2017,07H,27.14175
2017,07J,14.50667
2017,07K,111.25368
2017,07L,2
2017,07M,27.59199
2017,07N,26.04
2017,07P,145.7
2017,07Q,25.52666
2017,07R,46.36
2017,07T,13.04667
2017,07V,20
2017,07W,59.8
2017,07X,34.14667
2017,07Y,22.13334
2017,08A,19.6
2017,08C,29.546
2017,08D,32.4275
2017,08E,18.54717
2017,08F,3
2017,08G,23.85147
2017,08H,29.5
2017,08J,9.4
2017,08K,17.90667
2017,08L,23.10667
2017,08M,30.8
2017,08N,48.72251
2017,08P,9.69333
2017,08Q,53.28
2017,08R,3
2017,08T,11.36364
2017,08V,53.44833
2017,08W,27.49333
2017,08X,18.8
2017,08Y,28.992
2017,09A,127.00332
2017,09C,1
2017,09D,44.52666
2017,09E,27.65333
2017,09F,5.9
2017,09G,24.60541
2017,09H,0.42667
2017,09J,20.25311
2017,09L,16
2017,09N,34.53333
2017,09P,19.13173
2017,09W,19.50667
2017,09X,20.75333
2017,09Y,38.3
2017,10A,28.09585
2017,10C,11.14
2017,10D,19.426
2017,10E,27.37162
2017,10H,19.71159
2017,10J,9.69333
2017,10K,1
2017,10L,22.92
2017,10M,2
2017,10N,2.21333
2017,10Q,41.73682
2017,10R,17.62667
2017,10T,2
2017,10V,9.90667
2017,10W,2
2017,10X,9.22667
2017,11A,21.07623
2017,11C,51.29334
2017,11D,36.66
2017,11E,21.72666
2017,11H,18.66666
2017,11J,72.21734
2017,11M,45.79334
2017,11N,38.85333
2017,11T,10.82666
2017,11X,17.2
2017,12A,34.34174
2017,12D,17.30667
2017,12F,28.69333
2017,13P,73.33226
2017,14L,95.91333
2017,99A,4
2017,99D,5
2017,99E,15.56
2017,99F,17.2
2017,99G,16.72667
2017,99H,37.24
2017,99J,33.70788
2017,99K,21.16722
2017,99M,18.50667
2017,99N,34.28667
2017,99P,68.48041
2017,99Q,27.6
2017,R1A,22.53333
2017,R1C,72.78001
2017,R1D,38.68
2017,R1E,80.0688
2017,R1F,77.56
2017,R1H,242.95333
2017,R1J,36.8
2017,R1K,195.09983
2017,R1L,185.56184
2017,RA2,85.46
2017,RA3,6
2017,RA4,83.40667
2017,RA7,86.51667
2017,RA9,109.03333
2017,RAE,63.95333
2017,RAJ,157.97739
2017,RAL,92.53333
2017,RAN,67.79667
2017,RAP,61.135
2017,RAS,85.22
2017,RAT,169.42001
2017,RAX,73.09334
2017,RBA,68.72
2017,RBD,81.34
2017,RBK,87.16895
2017,RBL,96.59747
2017,RBN,137.16477
2017,RBQ,53.43333
2017,RBS,95.9561
2017,RBT,69.10068
2017,RBV,102.76
2017,RBZ,68.12666
2017,RC1,49.02667
2017,RC9,96.2
2017,RCB,148.44133
2017,RCD,56.4592
2017,RCF,56.54
2017,RCU,59.02665
2017,RCX,64.14666
2017,RD1,136.90081
2017,RD3,74.67226
2017,RD8,102.15733
2017,RDD,64.74676
2017,RDE,106.44666
2017,RDR,94.51552
2017,RDU,132.26945
2017,RDY,124.68351
2017,RDZ,78.05999
2017,RE9,57.32
2017,REF,94.8008
2017,REM,124.0238
2017,REN,74.07119
2017,REP,48.08666
2017,RET,57.04
2017,RF4,110.33333
2017,RFF,78.76
2017,RFR,59.40533
2017,RFS,53.98
2017,RGD,68.13066
2017,RGM,60.54666
2017,RGN,143.77897
2017,RGP,51.752
2017,RGQ,63.37333
2017,RGR,73.16
2017,RGT,232.38665
2017,RH5,31.6
2017,RH8,110.71999
2017,RHA,229.86412
2017,RHM,344.20991
2017,RHQ,215.75333
2017,RHU,163.08667
2017,RHW,130.78667
2017,RJ1,409.50666
2017,RJ2,126.88778
2017,RJ6,57.8
2017,RJ7,103.33083
2017,RJ8,98.93813
2017,RJC,88.74
2017,RJE,197.53334
2017,RJF,60.04667
2017,RJL,127.80933
2017,RJN,52.72
2017,RJR,36.48
2017,RJZ,179.1136
2017,RK5,122.16
2017,RK9,129.00346
2017,RKB,234.60665
2017,RKE,122.02445
2017,RKL,101.23333
2017,RL1,48.73333
2017,RL4,94.90667
2017,RLN,96.53334
2017,RLQ,60.32
2017,RLT,42.88018
2017,RLY,39.93493
2017,RM1,81.96414
2017,RM3,174.2569
2017,RMC,51.26
2017,RMP,82.2
2017,RMY,124.08267
2017,RN3,83.41334
2017,RN5,80.26666
2017,RN7,74.80001
2017,RNA,88.77936
2017,RNK,38.34933
2017,RNL,89.37332
2017,RNN,121.60666
2017,RNQ,99.13334
2017,RNS,144.62079
2017,RNU,145.70667
2017,RNZ,89.67733
2017,RP1,67.1
2017,RP4,76.75334
2017,RP5,139.00729
2017,RP6,107.8
2017,RP7,121.97334
2017,RPA,65.6
2017,RPC,22.81081
2017,RPG,69.64
2017,RPY,133.33001
2017,RQ3,192.31001
2017,RQ6,287.03867
2017,RQ8,90.0011
2017,RQM,198.11828
2017,RQW,102.13334
2017,RQX,51.33333
2017,RQY,76.06667
2017,RR1,117.20434
2017,RR7,100.67526
2017,RR8,116.43243
2017,RRE,59.81081
2017,RRF,87.48
2017,RRJ,43.55334
2017,RRK,78.98751
2017,RRP,140.91814
2017,RRU,324.94226
2017,RRV,407.43583
2017,RT1,142.81748
2017,RT2,103.86669
2017,RT3,84.54667
2017,RT5,227.31945
2017,RTD,190.90719
2017,RTE,105.44
2017,RTF,216.6565
2017,RTG,127.34425
2017,RTH,207.14487
2017,RTK,60.98111
2017,RTP,92.89152
2017,RTQ,94.39986
2017,RTR,108.81333
2017,RTV,85.80667
2017,RTX,159.82455
2017,RV3,245.14884
2017,RV5,201.83
2017,RV9,53.82667
2017,RVJ,248.32313
2017,RVN,125.21335
2017,RVR,157.65947
2017,RVV,108.56
2017,RVW,93.62667
2017,RVY,16.82667
2017,RW1,122.56667
2017,RW4,91.4
2017,RW5,248.04386
2017,RW6,153.32001
2017,RWA,204.04012
2017,RWD,90.78
2017,RWE,114.23014
2017,RWF,102.21333
2017,RWG,149.02453
2017,RWH,70.85134
2017,RWJ,113.72419
2017,RWK,249.19999
2017,RWP,106.38667
2017,RWR,138.72374
2017,RWV,90.12459
2017,RWW,79.57333
2017,RWX,200.59747
2017,RWY,146.55333
2017,RX1,469.67279
2017,RX2,120.36986
2017,RX3,159.46001
2017,RX4,122.53413
2017,RX6,93.98
2017,RX7,81.4
2017,RX8,139.06667
2017,RX9,130.63243
2017,RXA,66.54666
2017,RXC,124.41334
2017,RXE,75.02
2017,RXF,126.79787
2017,RXG,60.74667
2017,RXH,135.89788
2017,RXK,145.69112
2017,RXL,102.8
2017,RXM,70.99333
2017,RXN,106.81334
2017,RXP,160.66586
2017,RXQ,134.2888
2017,RXR,139.26186
2017,RXT,134.72
2017,RXV,84.72414
2017,RXW,156.88
2017,RXX,109.16903
2017,RXY,62.50667
2017,RY1,41.45334
2017,RY2,81.10713
2017,RY3,60.96533
2017,RY4,71.22665
2017,RY5,33.57334
2017,RY6,30.32668
2017,RY7,26.88
2017,RY8,72.98667
2017,RY9,38.98556
2017,RYA,75.04
2017,RYC,77.9
2017,RYD,183.73
2017,RYE,84.96666
2017,RYF,81.60026
2017,RYG,132.05293
2017,RYJ,407.51186
2017,RYK,31.8
2017,RYR,79.66685
2017,RYV,30.72667
2017,RYW,145.90241
2017,RYX,54.01334
2017,RYY,145.8587
2017,TAD,91.63333
2017,TAF,108.07111
2017,TAH,84.83974
2017,TAJ,96.17333
2018,00M,76.86487
2018,00P,1
2018,00Q,17.8726
2018,00R,31.56934
2018,00T,35.01333
2018,00V,21.82667
2018,00X,37.4
2018,00Y,73.20001
2018,01A,34.91401
2018,01C,28.19333
2018,01D,15.73333
2018,01E,4.7
2018,01F,14
2018,01G,29.73333
2018,01H,1
2018,01J,20.21334
2018,01K,29.66151
2018,01R,27.6
2018,01T,28.78666
2018,01W,20.46667
2018,01X,24.8
2018,01Y,24.8
2018,02A,37.10666
2018,02D,6.2
2018,02E,22.54667
2018,02F,40.63999
2018,02G,14.32
2018,02H,46
2018,02M,29.89601
2018,02P,34.64667
2018,02Q,15.33333
2018,02R,64.73936
2018,02T,27.29333
2018,02W,2.21298
2018,02X,51.58001
2018,02Y,27.91619
2018,03A,33.25333
2018,03D,13.68
2018,03E,16.26903
2018,03F,34.6403
2018,03H,33.24001
2018,03J,28.6
2018,03K,12.75333
2018,03L,36.02667
2018,03M,28.32
2018,03N,112.74903
2018,03Q,18.62
2018,03R,92.19733
2018,03T,29.33333
2018,03V,3.90667
2018,03W,37.15999
2018,03X,11
2018,03Y,22.28
2018,04C,41.26666
2018,04D,30.82001
2018,04E,42.13333
2018,04F,47.6
2018,04G,44.8
2018,04H,8.45333
2018,04J,30.41333
2018,04K,53.31937
2018,04L,21.05333
2018,04M,11.4
2018,04N,26.51334
2018,04Q,7
2018,04R,61.64001
2018,04V,30.7
2018,04Y,3
2018,05A,52.27838
2018,05C,42.81131
2018,05D,8.66667
2018,05F,26
2018,05G,21.7192
2018,05H,26.91506
2018,05J,32.27333
2018,05L,89.69133
2018,05N,39.82234
2018,05Q,20.34667
2018,05R,30.34666
2018,05T,44.55012
2018,05V,33.6
2018,05W,26.21334
2018,05X,28.88667
2018,05Y,37.2
2018,06A,42.99083
2018,06D,1.48
2018,06F,60.18598
2018,06H,94.4823
2018,06K,73.15013
2018,06M,29.38001
2018,06N,75.8376
2018,06P,30.70694
2018,06Q,32.31333
2018,06T,23.64667
2018,06V,15
2018,06W,35.2
2018,06Y,21.2
2018,07G,16.8
2018,07H,29.33336
2018,07J,16.82667
2018,07K,140.35619
2018,07L,1
2018,07M,36.13204
2018,07N,23.67333
2018,07P,155.33333
2018,07Q,23.56666
2018,07R,33.91334
2018,07T,11.1
2018,07V,23.42667
2018,07W,56.6
2018,07X,31.14667
2018,07Y,26.81333
2018,08A,16.2
2018,08C,30.046
2018,08D,29.6275
2018,08E,24.46667
2018,08F,3
2018,08G,34.85147
2018,08H,50.23667
2018,08J,9
2018,08K,16.90667
2018,08L,23.5
2018,08M,32.6
2018,08N,47.97456
2018,08P,7.09333
2018,08Q,53.28
2018,08R,8.5
2018,08T,13
2018,08V,44
2018,08W,24.69333
2018,08X,29.2
2018,08Y,39.93333
2018,09A,118.61333
2018,09C,0.04907
2018,09D,51.67333
2018,09E,28.18666
2018,09F,3
2018,09G,29.37333
2018,09H,0.42667
2018,09J,19.10111
2018,09L,10.4
2018,09N,43.42
2018,09P,22.36506
2018,09W,19.61334
2018,09X,19.26
2018,09Y,34.36667
2018,10A,27.48666
2018,10C,10.47333
2018,10D,14.45209
2018,10E,25.12458
2018,10J,8.81333
2018,10K,1
2018,10L,19.2
2018,10Q,31.14953
2018,10R,18.92
2018,10V,11
2018,10X,9.44667
2018,11A,24.63333
2018,11E,22.16666
2018,11J,94.35734
2018,11M,47.84001
2018,11N,41.03999
2018,11X,14
2018,12D,18.30667
2018,12F,32.61333
2018,14L,142.35332
2018,14Y,18.5
2018,15A,43.54424
2018,15C,67.59999
2018,15D,52.38
2018,15E,120.75333
2018,15F,87.28001
2018,99A,4
2018,99D,6.6
2018,99E,14.34
2018,99F,16.8
2018,99G,11.8
2018,99H,35.32
2018,99J,30.01828
2018,99K,20.02055
2018,99M,23.78411
2018,99N,31.82
2018,99P,52.06708
2018,99Q,30.44
2018,R0A,306.52893
2018,R1A,22.28
2018,R1C,77.52668
2018,R1D,45.29174
2018,R1F,84.54666
2018,R1H,259.48667
2018,R1J,37.8
2018,R1K,189.4815
2018,R1L,210.87999
2018,RA2,102.07333
2018,RA3,4
2018,RA4,73.84
2018,RA7,91.33334
2018,RA9,118.64666
2018,RAE,67.55333
2018,RAJ,155.89619
2018,RAL,80.93333
2018,RAN,112.02001
2018,RAP,85.36667
2018,RAS,82.02
2018,RAT,170.58222
2018,RAX,77.26666
2018,RBA,69.64
2018,RBD,89.17333
2018,RBK,88.85147
2018,RBL,88.08
2018,RBN,142.53908
2018,RBQ,47.13333
2018,RBS,104.96452
2018,RBT,80.54868
2018,RBV,105.05334
2018,RBZ,68.18666
2018,RC1,50.54667
2018,RC9,95.90667
2018,RCB,142.10478
2018,RCD,64.33254
2018,RCF,69.75121
2018,RCU,62.31998
2018,RCX,64.89333
2018,RD1,154.06001
2018,RD3,74.248
2018,RD8,89.144
2018,RDD,72.34666
2018,RDE,180.85819
2018,RDR,135.82967
2018,RDU,133.27744
2018,RDY,128.02091
2018,RDZ,83.80665
2018,RE9,50.72
2018,REF,108.14747
2018,REM,136.07469
2018,REN,78.19334
2018,REP,51.82
2018,RET,50.10667
2018,RF4,114.6
2018,RFF,81.62667
2018,RFR,64.41334
2018,RFS,68.03
2018,RGD,88.40147
2018,RGM,73.98
2018,RGN,132.90812
2018,RGP,59.54534
2018,RGR,93.77333
2018,RGT,227.65335
2018,RH5,32.14324
2018,RH8,139.44667
2018,RHA,215.36533
2018,RHM,371.68324
2018,RHQ,224.03786
2018,RHU,168.27553
2018,RHW,136.62
2018,RJ1,451.67334
2018,RJ2,118.16334
2018,RJ6,50.6
2018,RJ7,109.5375
2018,RJ8,105.53813
2018,RJC,111.57333
2018,RJE,183.70666
2018,RJL,136.04933
2018,RJN,52.77333
2018,RJR,43.46667
2018,RJZ,184.24
2018,RK5,124.22668
2018,RK9,141.21999
2018,RKB,252.16665
2018,RKE,120.55112
2018,RKL,100.01333
2018,RL1,50.49667
2018,RL4,102.65334
2018,RLN,113.88001
2018,RLQ,71.14
2018,RLT,41.12018
2018,RLY,45.20427
2018,RM1,114.98414
2018,RM3,187.8877
2018,RMC,59.15333
2018,RMP,89.57653
2018,RMY,127.22267
2018,RN3,80.24001
2018,RN5,87.89334
2018,RN7,68.86001
2018,RNA,94.91252
2018,RNK,35.81867
2018,RNL,87.15999
2018,RNN,119.00001
2018,RNQ,110.72001
2018,RNS,148.90746
2018,RNU,175.01
2018,RNZ,99.73167
2018,RP1,77.48
2018,RP4,92.95174
2018,RP5,139.96062
2018,RP6,108.6
2018,RP7,119.86
2018,RPA,73.89333
2018,RPC,26.81081
2018,RPG,68.3352
2018,RPY,151.98334
2018,RQ3,189.33334
2018,RQ6,261.94853
2018,RQ8,102.40747
2018,RQM,200.79333
2018,RQW,100.57334
2018,RQX,61.20667
2018,RQY,84.66667
2018,RR7,116.48589
2018,RR8,121.69801
2018,RRE,130.75082
2018,RRF,104.29333
2018,RRJ,51.90667
2018,RRK,200.83763
2018,RRP,56.01334
2018,RRU,337.36435
2018,RRV,433.92251
2018,RT1,112.67002
2018,RT2,102.36
2018,RT3,86.66334
2018,RT5,211.37279
2018,RTD,192.83121
2018,RTE,129.17334
2018,RTF,227.09919
2018,RTG,189.13999
2018,RTH,221.06001
2018,RTK,70.29333
2018,RTP,94.17152
2018,RTQ,88.64986
2018,RTR,96.15999
2018,RTV,91.08
2018,RTX,170.29787
2018,RV3,244.59679
2018,RV5,180.45111
2018,RV9,53.16
2018,RVJ,264.6192
2018,RVN,119.70667
2018,RVR,186.33281
2018,RVV,136.01986
2018,RVW,91.78667
2018,RVY,41.01334
2018,RW1,124.97333
2018,RW4,151.61334
2018,RW5,263.92334
2018,RW6,165.90667
2018,RWA,220.11334
2018,RWD,92.64667
2018,RWE,128.02801
2018,RWF,119.07999
2018,RWG,144.3448
2018,RWH,70.59315
2018,RWJ,114.22041
2018,RWK,258.04017
2018,RWP,109.10667
2018,RWR,135.53726
2018,RWV,89.77792
2018,RWW,93.8
2018,RWX,218.07642
2018,RWY,160.85333
2018,RX1,490.72692
2018,RX2,122.39653
2018,RX3,161.22667
2018,RX4,114.47413
2018,RX6,93.74
2018,RX7,97.50667
2018,RX8,155.8
2018,RX9,147.18576
2018,RXA,67.39333
2018,RXC,136.13334
2018,RXE,46.70667
2018,RXF,133.35121
2018,RXG,53.17333
2018,RXH,145.77788
2018,RXK,153.2
2018,RXL,113.04373
2018,RXM,62.75333
2018,RXN,108.61334
2018,RXP,154.98002
2018,RXQ,144.27326
2018,RXR,164.98126
2018,RXT,135.28666
2018,RXV,88.45567
2018,RXW,159.83334
2018,RXX,123.77568
2018,RXY,70.46666
2018,RY2,79.07759
2018,RY3,60.16
2018,RY4,55.89999
2018,RY5,32.26793
2018,RY6,32.76668
2018,RY7,32.22666
2018,RY8,81.19333
2018,RY9,44.47889
2018,RYA,81.16
2018,RYC,104.64
2018,RYD,205.64333
2018,RYE,89.13999
2018,RYF,86.64693
2018,RYG,142.33159
2018,RYJ,429.67186
2018,RYK,28.81334
2018,RYR,89.74685
2018,RYV,35.58
2018,RYW,136.2093
2018,RYX,60.11333
2018,RYY,155.33333
2018,TAD,85.57332
2018,TAF,115.35333
2018,TAH,86.81308
2018,TAJ,101.38001