ORG_CODE,YEAR,7a_SD,7a_D,7a_NAND,7a_A,7a_SA,7a_N,7b_SD,7b_D,7b_NAND,7b_A,7b_SA,7b_N,7c_SD,7c_D,7c_NAND,7c_A,7c_SA,7c_N,7d_SD,7d_D,7d_NAND,7d_A,7d_SA,7d_N,7e_SD,7e_D,7e_NAND,7e_A,7e_SA,7e_N,7f_SD,7f_D,7f_NAND,7f_A,7f_SA,7f_N,7g_SD,7g_D,7g_NAND,7g_A,7g_SA,7g_N,8a_SD,8a_D,8a_NAND,8a_A,8a_SA,8a_N,8b_SD,8b_D,8b_NAND,8b_A,8b_SA,8b_N,8c_SD,8c_D,8c_NAND,8c_A,8c_SA,8c_N,8d_SD,8d_D,8d_NAND,8d_A,8d_SA,8d_N
REM,2017,4,6,18,47,25,"2,237",4,7,19,45,26,"2,233",5,12,24,38,22,"2,229",7,15,25,34,19,"2,232",3,4,17,42,34,"2,234",4,9,23,38,27,"2,234",4,6,22,43,25,"2,231",2,6,10,56,25,"2,245",10,20,32,28,10,"2,237",14,23,31,24,8,"2,236",12,21,36,23,8,"2,236"
RCF,2017,4,6,15,49,26,"1,234",5,8,15,45,27,"1,234",5,11,20,41,22,"1,231",7,16,22,36,19,"1,232",4,3,19,38,35,"1,228",5,6,21,39,29,"1,228",4,5,18,43,29,"1,226",1,5,9,54,31,"1,232",9,18,29,35,10,"1,227",11,21,32,27,9,"1,230",11,18,38,25,8,"1,231"
RTK,2017,4,7,17,47,25,"1,584",4,9,17,43,27,"1,582",6,12,24,38,20,"1,582",8,13,25,36,18,"1,579",4,5,19,41,31,"1,577",5,8,23,39,26,"1,583",4,6,20,44,25,"1,576",2,5,9,55,29,"1,581",8,20,32,29,10,"1,581",12,20,35,26,8,"1,573",11,18,39,25,7,"1,578"
RF4,2017,4,7,15,45,29,"2,780",4,8,18,41,29,"2,781",5,12,20,40,24,"2,773",8,15,23,34,21,"2,766",5,6,19,37,33,"2,761",5,8,22,37,28,"2,763",4,7,20,40,29,"2,766",2,5,9,51,32,"2,780",9,19,29,32,12,"2,770",13,20,31,25,10,"2,766",12,18,36,25,9,"2,763"
RFF,2017,3,6,15,47,29,"1,296",4,9,15,43,30,"1,295",4,11,19,41,25,"1,295",7,14,22,35,21,"1,295",3,4,19,37,36,"1,296",4,8,19,39,30,"1,297",4,6,18,43,29,"1,297",2,6,9,54,29,"1,294",10,21,30,29,10,"1,293",15,23,29,24,9,"1,294",14,19,36,22,8,"1,294"
RDD,2017,3,6,16,48,27,"2,197",3,7,17,44,29,"2,192",4,10,23,40,23,"2,192",7,14,23,37,20,"2,193",3,4,18,40,35,"2,194",4,7,21,38,30,"2,199",4,5,21,42,29,"2,195",2,6,8,52,31,"2,197",9,18,31,31,10,"2,198",12,22,34,24,8,"2,192",12,19,39,23,8,"2,194"
RC1,2017,3,8,17,49,23,452,4,10,17,46,23,450,5,13,23,38,20,452,7,17,24,35,17,450,3,8,19,38,32,450,4,10,22,39,24,451,4,9,19,42,25,452,2,7,8,56,27,451,11,19,30,30,11,454,14,19,33,25,8,451,13,18,37,24,8,449
RAE,2017,4,6,17,46,27,"1,992",5,8,18,41,27,"1,993",5,11,24,37,23,"1,993",8,15,24,33,19,"1,993",4,4,21,35,36,"1,982",5,8,24,35,29,"1,987",4,5,20,42,29,"1,989",2,8,9,49,32,"1,991",10,21,31,27,11,"1,992",12,25,32,22,9,"1,986",11,20,39,21,8,"1,987"
RXH,2017,5,8,16,48,24,"4,194",5,10,16,44,26,"4,197",6,14,23,38,19,"4,191",8,15,24,36,17,"4,181",4,5,18,40,33,"4,193",5,8,22,39,27,"4,189",4,6,18,45,26,"4,196",5,11,12,50,22,"4,196",14,25,30,24,7,"4,169",18,26,31,19,6,"4,164",16,23,38,18,6,"4,171"
RJF,2017,4,6,17,46,27,"1,373",4,8,18,43,27,"1,374",5,10,21,41,22,"1,372",6,14,23,37,20,"1,369",4,5,15,40,36,"1,372",4,8,21,38,29,"1,371",4,6,17,45,27,"1,371",2,8,9,52,29,"1,375",9,17,34,31,9,"1,373",12,20,33,27,7,"1,373",10,18,41,24,7,"1,368"
RWY,2017,3,7,16,48,26,"2,350",4,8,17,43,27,"2,349",5,13,21,40,21,"2,349",7,15,23,35,18,"2,347",4,5,19,39,34,"2,347",5,8,22,38,27,"2,344",3,6,19,43,28,"2,339",3,6,10,52,29,"2,348",10,22,32,28,8,"2,346",14,24,32,22,7,"2,344",13,21,39,21,6,"2,344"
RGT,2017,3,7,16,48,26,"4,380",4,8,16,44,28,"4,379",4,11,22,42,21,"4,370",6,14,24,37,19,"4,374",3,4,19,41,32,"4,376",4,7,20,42,27,"4,379",3,6,18,46,26,"4,371",2,5,8,57,28,"4,374",9,19,29,34,9,"4,373",12,22,31,28,8,"4,374",10,18,37,27,8,"4,371"
RQM,2017,3,5,15,48,29,"1,719",3,7,16,44,30,"1,723",4,10,21,41,23,"1,716",5,13,22,39,22,"1,714",3,4,18,41,34,"1,705",4,5,20,42,29,"1,714",4,5,18,44,29,"1,711",2,5,9,52,31,"1,722",9,16,28,35,12,"1,725",11,18,31,29,11,"1,721",10,15,37,28,9,"1,720"
RFS,2017,3,8,17,47,25,"2,396",4,10,17,42,27,"2,396",5,14,25,36,20,"2,395",8,17,26,32,17,"2,389",3,5,17,40,36,"2,391",4,8,20,39,28,"2,388",4,7,20,43,26,"2,384",3,8,11,51,27,"2,393",10,24,33,26,7,"2,373",13,24,33,24,6,"2,374",12,20,40,24,6,"2,372"
RLN,2017,4,6,15,49,26,"1,843",4,8,16,45,28,"1,841",5,10,23,39,23,"1,837",7,14,23,36,20,"1,837",4,5,17,38,36,"1,840",5,7,22,38,28,"1,839",4,5,21,43,28,"1,839",1,4,7,54,33,"1,840",7,17,31,33,12,"1,840",10,20,34,26,10,"1,839",9,18,37,27,9,"1,836"
RDE,2017,4,9,17,44,25,"1,557",6,10,17,40,27,"1,555",6,11,23,38,22,"1,555",10,16,23,32,19,"1,557",4,5,21,38,33,"1,553",6,8,22,37,27,"1,559",6,7,19,41,28,"1,554",4,10,11,52,23,"1,555",13,25,31,24,7,"1,554",18,26,31,19,5,"1,553",16,22,39,18,4,"1,552"
RJR,2017,4,6,15,48,26,"1,473",5,7,17,42,28,"1,475",5,12,23,38,22,"1,472",8,18,21,33,21,"1,484",4,4,18,37,38,"1,472",5,7,20,37,31,"1,477",5,6,18,42,29,"1,482",2,6,8,53,31,"1,479",10,20,31,29,9,"1,477",14,23,33,22,7,"1,478",13,18,40,22,7,"1,475"
RN7,2017,2,6,13,48,31,"1,547",3,7,15,42,33,"1,545",4,10,19,40,28,"1,542",6,13,23,35,23,"1,546",3,4,17,37,39,"1,548",3,7,21,35,34,"1,547",3,6,19,39,34,"1,547",1,4,6,49,40,"1,547",5,16,28,35,16,"1,544",8,18,31,31,12,"1,540",7,15,39,28,11,"1,538"
RTG,2017,3,6,17,49,25,"3,331",3,8,16,46,27,"3,332",4,12,23,39,22,"3,321",6,14,24,36,19,"3,330",3,5,17,40,36,"3,323",3,7,21,40,29,"3,327",3,6,20,44,28,"3,328",2,6,8,53,31,"3,333",7,19,33,33,10,"3,331",8,22,34,27,9,"3,332",8,18,41,25,8,"3,323"
RP5,2017,5,7,19,45,25,"3,017",5,10,19,40,26,"3,013",6,15,25,34,20,"3,011",10,17,23,32,17,"3,012",5,5,20,39,32,"3,011",6,10,24,35,26,"3,016",6,7,23,40,25,"3,013",2,6,9,54,29,"3,023",12,21,30,29,9,"3,017",15,23,31,23,8,"3,013",14,19,37,23,8,"3,015"
RBD,2017,3,5,15,47,30,"1,316",3,7,17,42,31,"1,313",3,10,24,38,25,"1,315",6,14,24,35,21,"1,312",2,4,16,39,39,"1,313",3,6,20,37,34,"1,313",3,5,17,43,32,"1,315",3,7,11,49,31,"1,319",8,20,32,32,8,"1,317",10,21,35,28,7,"1,315",9,18,43,24,6,"1,316"
RWH,2017,4,8,17,46,26,"1,606",5,10,18,41,27,"1,603",6,13,23,37,22,"1,601",8,16,25,31,20,"1,603",3,5,19,37,35,"1,603",5,9,22,37,28,"1,602",5,6,20,41,28,"1,597",4,7,9,51,29,"1,605",15,24,29,23,8,"1,607",20,25,31,18,7,"1,604",17,22,36,18,6,"1,597"
RVV,2017,4,7,17,47,24,"3,568",5,10,18,42,25,"3,560",5,13,24,37,20,"3,562",8,16,23,35,18,"3,560",4,5,18,40,32,"3,557",5,8,22,38,27,"3,558",5,6,21,43,25,"3,564",2,6,9,57,26,"3,566",14,22,30,27,7,"3,554",19,24,29,23,6,"3,556",17,20,37,21,5,"3,555"
RXR,2017,3,6,15,46,29,"3,302",4,8,16,43,29,"3,300",5,12,22,38,24,"3,294",7,16,21,34,22,"3,296",3,4,16,39,37,"3,299",4,7,20,39,30,"3,300",4,6,20,42,29,"3,303",2,4,8,53,33,"3,308",8,18,29,32,13,"3,294",11,22,31,25,12,"3,285",10,16,37,26,11,"3,287"
RVR,2017,4,7,18,46,25,"2,429",5,9,17,42,26,"2,423",6,12,23,37,21,"2,425",9,15,24,33,19,"2,427",4,6,19,39,32,"2,421",5,8,22,38,26,"2,423",5,7,21,41,26,"2,416",3,5,9,53,30,"2,426",12,20,32,28,9,"2,422",15,24,30,23,8,"2,418",15,20,36,23,7,"2,419"
RDU,2017,3,6,17,47,27,"3,346",4,8,17,43,28,"3,340",4,11,21,41,23,"3,338",7,14,24,36,20,"3,337",4,4,19,39,34,"3,346",4,8,21,39,28,"3,339",4,5,19,43,29,"3,340",1,4,8,51,36,"3,346",7,16,29,34,13,"3,341",10,19,32,28,11,"3,334",10,16,37,27,10,"3,327"
RTE,2017,4,7,17,48,24,"3,586",5,10,18,42,26,"3,581",6,13,24,37,19,"3,582",9,17,24,34,17,"3,581",4,5,19,38,34,"3,569",5,9,21,38,27,"3,584",4,7,20,43,26,"3,584",3,7,10,54,27,"3,592",12,22,32,27,7,"3,585",13,24,33,24,6,"3,583",13,20,39,23,6,"3,582"
RN5,2017,4,7,17,49,24,"2,439",4,7,17,47,25,"2,436",5,12,21,42,20,"2,434",7,14,24,37,18,"2,432",4,4,20,41,32,"2,434",4,8,22,41,26,"2,436",4,6,20,45,26,"2,434",2,5,8,54,30,"2,440",9,17,31,33,9,"2,433",11,20,32,29,8,"2,436",10,16,39,27,8,"2,435"
RR1,2017,4,8,17,46,25,"3,941",5,9,18,42,26,"3,940",5,12,22,39,21,"3,935",8,15,24,35,18,"3,937",4,5,19,40,32,"3,940",5,8,22,39,26,"3,933",4,6,20,44,25,"3,932",3,7,12,55,24,"3,949",11,20,32,29,9,"3,942",15,22,33,23,7,"3,946",13,19,39,22,6,"3,937"
RWA,2017,3,7,16,46,28,"3,435",4,9,17,42,29,"3,433",4,12,24,37,23,"3,428",7,15,23,33,21,"3,425",3,4,19,37,37,"3,425",4,8,22,36,30,"3,426",3,6,20,41,30,"3,429",2,6,7,52,32,"3,439",9,20,30,31,10,"3,435",13,23,31,25,9,"3,435",11,19,36,25,8,"3,431"
RYJ,2017,5,7,15,44,29,470,6,10,16,39,29,469,6,12,23,36,23,469,10,13,21,35,22,468,6,5,18,39,32,467,6,8,21,39,27,465,7,5,19,40,28,468,3,4,7,50,36,469,10,18,29,32,11,468,13,21,31,26,8,468,13,17,39,24,7,467
R1F1,2017,6,11,18,43,22,"1,069",6,11,19,41,23,"1,068",8,15,22,37,18,"1,068",11,16,25,32,17,"1,067",6,6,22,35,31,"1,066",7,10,23,34,25,"1,067",6,8,21,39,25,"1,065",5,11,14,49,21,"1,067",14,23,34,24,5,"1,063",15,26,34,21,4,"1,068",15,20,43,18,3,"1,064"
RGP,2017,4,6,16,47,27,522,4,7,16,43,28,522,5,11,22,39,22,522,6,16,26,33,19,523,3,5,18,36,38,520,5,7,21,37,29,521,4,6,19,43,28,521,2,8,12,51,27,524,10,20,35,26,9,523,12,25,34,22,7,522,12,17,44,19,8,524
RNQ,2017,5,8,20,45,22,"1,374",6,10,19,41,24,"1,369",7,13,25,36,19,"1,369",9,18,25,32,16,"1,370",5,6,20,38,31,"1,370",6,11,24,36,24,"1,371",5,7,23,41,24,"1,368",3,9,12,51,24,"1,367",12,24,32,26,7,"1,370",16,24,34,21,6,"1,370",14,22,39,20,5,"1,370"
RJZ,2017,5,8,16,47,24,"4,701",6,9,17,43,25,"4,697",6,14,23,37,19,"4,689",9,17,23,33,18,"4,689",5,5,21,39,30,"4,685",6,8,22,38,25,"4,692",5,7,20,43,25,"4,683",3,8,9,52,28,"4,695",12,22,28,29,9,"4,701",17,24,29,23,7,"4,698",15,21,35,21,7,"4,689"
RAX,2017,3,6,14,47,30,"1,488",4,6,14,44,32,"1,491",4,10,20,41,26,"1,488",6,12,20,38,23,"1,490",4,4,17,40,36,"1,488",4,7,19,40,31,"1,490",3,5,17,42,32,"1,489",2,4,8,50,36,"1,488",6,14,28,39,13,"1,490",8,18,31,31,12,"1,487",7,14,36,30,12,"1,488"
RXN,2017,3,7,15,48,27,"3,736",4,8,17,44,27,"3,729",5,12,22,39,22,"3,721",7,14,23,37,19,"3,723",3,5,19,39,34,"3,725",4,8,21,39,28,"3,729",4,6,18,45,27,"3,725",2,7,10,52,28,"3,740",9,21,30,29,10,"3,735",12,23,30,26,9,"3,738",11,19,36,25,8,"3,730"
RR8,2017,3,6,14,45,31,"5,104",4,8,16,40,32,"5,105",4,12,22,37,25,"5,096",8,14,22,34,22,"5,094",4,4,18,35,39,"5,099",5,7,21,35,33,"5,095",4,5,18,41,32,"5,092",2,4,6,47,41,"5,107",8,16,27,34,14,"5,105",11,18,29,29,13,"5,093",11,15,35,27,12,"5,083"
RC9,2017,2,6,15,47,30,"2,104",3,7,17,43,30,"2,105",4,11,23,39,23,"2,097",6,14,23,37,21,"2,104",3,5,16,40,36,"2,099",4,7,21,38,30,"2,101",3,5,20,43,29,"2,102",1,4,8,50,36,"2,100",6,15,31,37,12,"2,100",8,18,34,31,10,"2,097",7,15,41,28,8,"2,090"
RWF,2017,4,8,18,46,24,392,5,8,18,43,26,392,5,12,24,38,20,393,9,15,24,32,19,394,4,5,21,37,33,391,7,8,21,38,26,395,5,6,19,45,25,394,3,7,10,53,27,393,11,21,34,27,7,392,14,22,35,23,6,389,12,20,41,21,5,392
RPA,2017,4,7,17,44,27,"1,758",5,9,20,39,27,"1,750",7,12,22,36,23,"1,753",10,16,24,30,19,"1,756",4,5,20,37,34,"1,754",6,8,23,35,29,"1,756",5,6,22,39,28,"1,755",4,9,12,50,25,"1,758",15,24,30,25,7,"1,757",20,25,31,18,6,"1,755",18,21,38,17,5,"1,756"
RQ8,2017,3,7,17,48,26,"1,492",4,10,16,43,26,"1,489",5,14,24,37,21,"1,489",7,15,25,34,18,"1,490",3,3,18,41,34,"1,490",4,6,21,41,27,"1,491",4,6,19,43,28,"1,488",2,8,11,50,28,"1,495",10,20,31,30,9,"1,494",12,23,33,24,8,"1,491",11,19,39,23,7,"1,488"
RD8,2017,3,6,17,47,27,"1,396",3,7,17,44,29,"1,402",5,12,24,37,24,"1,402",7,14,26,34,20,"1,397",3,3,18,39,36,"1,395",4,6,21,39,29,"1,394",3,6,19,43,29,"1,399",1,6,8,53,32,"1,403",9,20,32,30,10,"1,397",12,23,31,25,9,"1,394",10,19,38,24,9,"1,391"
RM1,2017,3,8,17,48,24,"3,512",5,10,18,42,25,"3,510",6,14,24,37,19,"3,510",9,18,23,34,16,"3,512",4,5,20,38,34,"3,502",5,8,23,37,27,"3,506",4,7,22,41,26,"3,509",2,7,10,55,26,"3,514",11,23,31,28,6,"3,511",14,24,32,23,6,"3,504",13,19,39,24,6,"3,505"
RVJ,2017,4,8,17,46,24,"3,657",5,10,18,41,25,"3,649",6,15,24,37,19,"3,645",9,17,24,33,17,"3,647",4,5,20,38,33,"3,646",5,9,22,38,27,"3,651",4,8,20,41,26,"3,648",3,7,8,52,30,"3,650",12,23,30,28,7,"3,644",15,24,32,23,6,"3,644",14,21,38,21,5,"3,645"
RNL,2017,5,8,22,44,22,"1,852",6,11,19,42,22,"1,850",6,15,24,37,18,"1,849",9,18,23,34,16,"1,849",5,6,21,40,29,"1,848",6,10,24,37,23,"1,852",5,7,23,42,23,"1,849",5,12,15,48,20,"1,848",16,26,30,22,5,"1,846",20,27,31,19,4,"1,846",18,25,37,17,4,"1,845"
RAP,2017,6,7,16,45,26,"1,177",7,9,18,41,25,"1,174",7,11,22,38,21,"1,168",9,16,23,35,18,"1,172",6,5,21,40,28,"1,170",6,8,23,39,25,"1,171",6,7,20,42,25,"1,169",3,8,11,49,29,"1,181",13,19,28,30,11,"1,176",16,21,29,25,8,"1,174",15,17,35,25,8,"1,176"
RGN,2017,2,8,18,44,28,467,3,12,17,41,28,466,4,14,23,35,25,466,7,18,22,34,19,468,3,4,19,36,38,466,3,9,21,37,30,468,3,7,21,39,29,468,5,10,11,47,27,467,13,21,32,26,8,466,17,25,32,19,7,467,15,20,39,19,7,468
RNS,2017,5,8,16,46,26,"1,746",6,9,17,41,27,"1,743",6,11,22,39,22,"1,742",9,17,23,33,18,"1,743",5,5,20,37,34,"1,742",6,9,23,34,28,"1,745",5,7,19,42,28,"1,745",2,5,8,55,31,"1,746",8,19,30,32,10,"1,748",12,21,32,27,9,"1,746",11,18,38,25,8,"1,742"
RJL,2017,5,9,20,45,22,"2,010",6,10,20,42,23,"2,015",7,15,24,35,18,"2,012",11,18,25,31,16,"2,012",4,5,21,38,31,"2,009",6,9,25,35,25,"2,008",6,7,24,40,23,"2,008",5,9,11,53,22,"2,014",17,26,31,21,5,"2,005",20,28,30,17,4,"2,002",19,24,36,16,4,"2,006"
RTF,2017,2,5,16,47,30,882,3,8,16,41,32,884,4,12,20,39,25,883,6,15,21,37,21,883,2,4,15,38,40,883,3,6,21,38,32,879,2,5,19,42,32,881,2,5,9,49,35,882,9,17,29,33,12,873,12,22,32,25,10,869,9,16,39,26,10,872
RX1,2017,4,7,16,47,26,"5,056",5,9,17,43,27,"5,050",5,12,22,39,21,"5,043",7,14,24,36,19,"5,050",4,5,18,39,35,"5,043",5,7,20,40,28,"5,051",4,5,19,44,28,"5,045",2,6,9,52,31,"5,053",9,19,31,31,10,"5,049",12,22,32,25,9,"5,052",12,18,36,25,8,"5,045"
RTH,2017,4,6,16,47,28,"4,386",4,8,15,43,29,"4,386",5,13,22,38,22,"4,385",7,15,22,36,20,"4,381",3,5,19,39,34,"4,384",4,8,20,39,29,"4,385",4,6,19,43,28,"4,378",2,6,9,53,31,"4,391",10,20,30,31,10,"4,391",13,22,30,27,8,"4,393",12,19,36,27,8,"4,387"
RK9,2017,3,6,15,48,27,"3,754",3,8,15,44,30,"3,748",4,12,22,39,23,"3,753",7,14,23,36,20,"3,751",3,4,18,37,38,"3,748",4,7,20,38,32,"3,747",3,6,19,43,29,"3,744",2,6,7,54,31,"3,759",9,20,30,31,10,"3,762",12,23,31,26,8,"3,756",11,19,39,23,8,"3,757"
RD3,2017,2,5,15,46,31,"1,827",3,7,17,42,31,"1,826",4,11,23,39,24,"1,826",6,14,23,35,22,"1,829",3,4,17,35,41,"1,822",4,7,20,36,33,"1,827",3,5,16,45,32,"1,827",2,4,5,50,38,"1,825",8,17,28,35,13,"1,824",10,20,31,29,10,"1,824",10,16,38,27,9,"1,822"
RHU,2017,2,5,16,48,30,"4,180",3,7,16,44,31,"4,184",3,10,23,40,24,"4,181",5,15,25,34,21,"4,184",2,3,17,38,40,"4,174",3,6,20,38,33,"4,184",2,5,19,44,30,"4,185",1,4,7,51,37,"4,195",5,17,30,36,12,"4,191",8,19,33,29,10,"4,189",7,14,39,30,10,"4,183"
RHW,2017,4,6,16,47,26,"2,157",4,8,15,45,27,"2,149",4,12,22,41,21,"2,154",7,15,24,36,19,"2,152",3,4,21,40,32,"2,147",4,7,24,39,27,"2,154",3,6,19,45,27,"2,154",2,5,8,54,32,"2,158",7,17,29,36,11,"2,151",10,18,32,30,9,"2,150",9,16,36,30,8,"2,146"
REF,2017,4,7,16,46,27,"2,838",4,8,16,43,28,"2,834",5,13,23,37,22,"2,825",8,15,23,35,19,"2,831",4,3,18,37,38,"2,835",5,7,22,36,30,"2,832",4,6,19,43,28,"2,832",4,10,11,51,25,"2,836",12,25,30,26,7,"2,836",16,25,32,21,6,"2,830",15,21,39,19,5,"2,829"
RAL,2017,5,7,16,44,28,"4,101",6,8,18,39,29,"4,091",6,12,22,37,23,"4,093",9,14,23,33,21,"4,085",5,4,20,37,34,"4,092",6,7,21,37,29,"4,090",6,6,19,41,28,"4,093",3,6,9,49,33,"4,107",10,19,29,31,12,"4,100",14,20,30,26,10,"4,087",13,17,36,25,9,"4,084"
RA2,2017,3,6,15,47,29,"1,549",4,8,16,41,31,"1,547",4,12,21,39,24,"1,546",6,14,22,36,22,"1,546",3,5,18,37,37,"1,544",4,7,21,39,30,"1,545",3,5,18,44,29,"1,546",2,5,9,52,31,"1,544",7,19,31,34,9,"1,545",9,20,33,31,8,"1,542",8,16,39,29,8,"1,542"
RD1,2017,3,6,16,49,26,"2,260",3,8,17,43,28,"2,259",4,12,23,39,22,"2,255",7,15,23,35,20,"2,254",3,4,18,40,35,"2,255",4,8,20,39,29,"2,258",4,5,18,44,30,"2,254",2,8,11,50,29,"2,262",9,22,33,28,8,"2,257",11,24,33,25,7,"2,256",11,21,38,22,7,"2,255"
RNZ,2017,3,6,16,46,29,"1,467",4,8,15,43,30,"1,470",4,12,19,42,24,"1,470",6,15,19,39,21,"1,464",3,4,16,41,37,"1,471",3,7,19,40,30,"1,469",3,5,17,44,31,"1,467",1,4,9,53,33,"1,472",7,22,30,31,10,"1,472",11,23,29,28,8,"1,467",10,18,38,26,8,"1,467"
RK5,2017,3,7,14,43,33,"2,481",3,8,15,40,33,"2,481",4,11,20,39,27,"2,472",8,14,23,34,22,"2,473",4,5,16,36,39,"2,476",5,7,19,36,33,"2,474",4,5,17,41,33,"2,475",2,6,11,50,30,"2,481",8,18,31,33,11,"2,472",11,21,33,26,9,"2,472",10,17,41,23,8,"2,465"
RAJ,2017,3,6,14,49,28,"1,745",4,7,15,44,29,"1,739",4,12,20,40,24,"1,739",7,14,23,35,21,"1,735",3,4,15,40,38,"1,734",4,6,20,40,30,"1,735",4,6,17,44,29,"1,736",2,6,8,55,29,"1,738",10,21,30,30,9,"1,735",13,25,30,24,8,"1,736",12,19,38,24,8,"1,733"
RBN,2017,3,6,12,46,33,625,4,6,13,42,35,621,4,12,20,38,25,620,7,14,22,34,22,624,2,5,14,37,42,623,3,6,18,38,35,623,2,6,17,42,32,624,1,3,7,45,45,626,7,17,27,31,18,625,11,19,31,25,13,623,9,16,36,25,14,622
RTP,2017,2,4,12,48,33,"2,488",2,5,14,44,34,"2,489",3,8,20,41,28,"2,483",5,11,24,36,24,"2,480",2,3,17,39,39,"2,478",3,5,19,39,34,"2,482",2,4,16,43,34,"2,474",1,3,7,53,35,"2,489",5,12,30,39,15,"2,474",7,15,32,33,12,"2,476",6,12,36,33,13,"2,466"
RBA,2017,2,5,12,51,29,"1,733",3,7,13,45,31,"1,730",4,10,21,39,25,"1,733",6,12,22,38,21,"1,733",3,3,14,40,39,"1,730",4,6,18,40,32,"1,734",3,6,16,44,31,"1,733",2,6,9,53,29,"1,736",5,17,31,36,11,"1,732",8,20,32,31,10,"1,735",8,15,37,30,10,"1,733"
RAS,2017,4,6,18,46,26,"1,505",5,8,19,41,27,"1,499",4,11,24,38,22,"1,502",8,12,25,35,19,"1,492",4,5,20,37,33,"1,500",5,7,22,39,28,"1,501",5,6,19,44,27,"1,501",3,5,9,52,32,"1,507",8,19,31,32,10,"1,502",12,20,34,26,8,"1,502",11,17,38,25,8,"1,499"
RGQ,2017,3,5,19,47,26,"1,910",3,8,18,45,27,"1,906",4,11,24,39,22,"1,908",5,15,24,37,18,"1,904",3,4,18,39,37,"1,903",3,7,21,39,29,"1,903",3,5,19,44,28,"1,905",2,7,10,51,30,"1,905",8,22,31,31,9,"1,905",10,22,34,28,7,"1,902",9,19,41,25,6,"1,900"
RQW,2017,4,6,15,50,26,"1,111",4,8,15,46,28,"1,112",5,10,22,40,22,"1,111",8,14,22,36,20,"1,113",4,3,18,41,34,"1,112",4,6,20,42,28,"1,112",4,5,17,46,28,"1,110",1,4,9,56,30,"1,116",9,18,33,31,9,"1,117",12,22,30,28,8,"1,115",12,18,39,25,6,"1,113"
RCX,2017,3,8,17,46,26,"1,419",5,9,18,40,28,"1,419",6,13,24,36,21,"1,416",7,19,24,33,18,"1,421",4,4,19,38,34,"1,419",4,8,24,37,28,"1,420",4,7,19,43,27,"1,420",4,11,13,48,24,"1,425",10,25,34,24,8,"1,422",13,24,34,22,7,"1,421",11,22,41,19,6,"1,420"
RDZ,2017,3,5,14,47,32,"2,000",3,7,14,43,33,"2,003",4,8,20,42,26,"2,001",6,12,23,38,23,"2,002",3,4,17,38,39,"1,997",3,7,18,38,33,"1,998",3,5,15,44,33,"1,999",1,4,7,53,35,"1,999",6,17,29,36,11,"1,998",8,19,32,30,11,"1,996",7,14,39,30,10,"1,996"
RQ6,2017,4,7,17,47,24,"3,026",4,9,16,44,26,"3,027",5,13,22,39,21,"3,021",7,15,22,36,19,"3,023",4,3,18,40,35,"3,022",5,8,22,39,27,"3,026",4,6,21,43,26,"3,022",2,6,8,54,30,"3,033",10,21,31,29,9,"3,032",13,24,31,24,8,"3,029",12,20,36,24,8,"3,025"
RXW,2017,3,8,17,47,26,"2,334",4,9,16,43,27,"2,332",4,12,24,38,22,"2,327",7,16,24,34,20,"2,332",3,4,18,37,38,"2,328",4,6,22,38,29,"2,328",3,7,20,42,28,"2,330",3,6,9,54,27,"2,338",13,24,30,26,7,"2,329",15,24,31,23,6,"2,332",14,20,39,22,6,"2,331"
RWD,2017,4,9,18,46,22,"3,103",5,10,19,42,24,"3,102",6,15,24,37,18,"3,098",9,18,25,32,16,"3,104",4,6,19,40,31,"3,104",5,10,24,38,24,"3,108",4,8,22,43,22,"3,105",4,10,14,52,21,"3,109",13,25,33,23,6,"3,102",17,27,32,20,5,"3,100",15,23,39,18,5,"3,100"
RRV,2017,4,6,14,49,27,"3,175",5,7,15,45,28,"3,177",5,10,21,42,22,"3,169",8,12,22,38,20,"3,169",4,4,18,40,34,"3,173",5,5,19,42,29,"3,171",4,5,17,44,30,"3,168",2,4,6,52,36,"3,175",9,17,27,35,12,"3,172",12,18,30,30,10,"3,168",11,15,35,29,9,"3,164"
RM2,2017,5,8,15,46,27,"1,963",5,8,14,44,28,"1,962",6,15,20,37,22,"1,962",8,15,21,35,20,"1,961",4,5,18,39,34,"1,957",5,8,20,38,29,"1,961",5,6,19,42,29,"1,960",3,8,9,52,28,"1,966",10,19,29,31,11,"1,962",14,21,31,25,9,"1,960",14,18,36,23,9,"1,960"
RHM,2017,2,5,14,49,29,"4,560",3,6,16,45,30,"4,562",3,10,22,41,23,"4,559",6,13,22,38,21,"4,558",3,4,17,40,36,"4,553",3,6,19,41,31,"4,563",3,5,17,45,30,"4,555",1,3,6,52,38,"4,566",6,14,28,39,13,"4,563",7,17,31,33,11,"4,561",7,14,37,32,11,"4,556"
RRK,2017,4,6,18,46,27,"3,757",4,8,17,43,28,"3,752",5,12,22,39,22,"3,740",7,15,22,36,20,"3,742",3,4,18,39,35,"3,751",4,7,22,38,29,"3,743",4,6,19,43,28,"3,746",2,4,7,52,35,"3,765",7,17,30,33,13,"3,743",11,21,31,26,11,"3,746",10,17,38,25,10,"3,735"
RA7,2017,3,7,17,49,25,"3,727",3,9,17,43,27,"3,726",4,14,23,38,21,"3,721",7,16,24,35,19,"3,734",3,5,18,38,35,"3,713",4,8,21,38,30,"3,728",3,6,19,44,28,"3,735",2,6,8,53,31,"3,730",8,19,31,33,9,"3,732",11,22,33,26,8,"3,727",10,17,39,27,7,"3,725"
RKB,2017,3,6,15,48,28,"3,142",4,7,17,42,30,"3,138",4,11,22,39,23,"3,131",7,15,22,35,21,"3,142",4,5,17,37,37,"3,136",5,8,21,36,31,"3,134",4,5,18,44,29,"3,141",2,6,8,51,34,"3,138",9,20,30,31,10,"3,139",13,22,31,25,9,"3,130",11,19,37,26,8,"3,132"
RWE,2017,4,8,16,47,25,"4,661",5,9,17,43,26,"4,660",6,13,22,39,20,"4,649",8,16,23,35,18,"4,645",4,5,19,39,32,"4,644",6,9,23,38,26,"4,657",5,7,19,43,26,"4,657",2,6,9,53,30,"4,663",10,21,30,30,9,"4,651",14,23,31,24,7,"4,645",13,20,36,24,7,"4,645"
RTX,2017,4,7,16,46,27,"2,127",5,8,17,41,29,"2,127",6,12,24,36,23,"2,124",8,16,22,34,21,"2,124",4,4,18,36,37,"2,119",5,8,20,37,30,"2,114",4,7,19,42,29,"2,114",3,6,10,53,28,"2,126",10,23,31,28,9,"2,121",13,24,32,24,8,"2,120",12,19,38,24,8,"2,121"
RJE,2017,4,8,18,46,24,"4,161",5,9,18,43,25,"4,160",6,14,25,37,19,"4,160",9,18,24,33,17,"4,155",4,5,18,39,34,"4,148",5,8,23,37,27,"4,158",5,7,21,43,25,"4,153",3,8,9,52,28,"4,156",11,23,30,27,8,"4,146",15,26,31,21,7,"4,154",14,21,36,21,7,"4,149"
RWW,2017,3,6,16,45,30,"1,783",3,8,17,41,30,"1,784",4,12,24,37,24,"1,785",6,13,23,35,22,"1,790",3,4,16,38,39,"1,782",4,7,21,36,32,"1,784",3,5,19,42,30,"1,785",2,9,11,51,27,"1,787",10,21,30,30,10,"1,784",13,22,34,23,8,"1,784",12,19,39,22,8,"1,780"
RWG,2017,2,5,15,45,33,"1,855",3,7,15,42,33,"1,848",4,10,22,39,26,"1,849",6,12,24,35,23,"1,852",3,4,18,38,38,"1,851",3,6,20,38,32,"1,852",3,5,18,42,32,"1,847",2,4,8,51,35,"1,849",7,17,29,34,14,"1,852",10,19,32,27,11,"1,851",9,16,37,28,10,"1,849"
RGR,2017,2,6,16,48,28,590,4,8,17,41,30,591,3,15,20,39,24,591,7,15,23,34,21,589,3,4,19,37,38,591,5,6,21,37,31,590,2,5,19,44,30,591,1,4,6,54,35,592,5,17,26,39,14,591,10,16,32,29,13,589,8,15,37,29,11,589
RYR,2017,3,6,15,48,29,"4,460",3,7,15,44,30,"4,455",4,11,22,39,24,"4,454",6,13,25,36,20,"4,446",3,4,17,39,37,"4,458",4,6,19,39,31,"4,461",3,5,18,43,30,"4,456",2,6,9,52,31,"4,466",8,18,30,33,11,"4,454",10,20,31,29,10,"4,453",9,16,36,29,10,"4,446"
RA3,2017,6,7,17,44,25,723,7,12,17,39,25,723,8,15,23,34,20,723,11,17,27,28,18,724,5,4,22,33,36,721,6,10,24,32,28,722,6,7,24,38,26,720,3,13,11,49,23,724,16,27,32,20,5,724,18,26,32,19,5,722,18,23,39,15,5,720
RBL,2017,3,8,19,46,24,376,5,7,23,39,26,376,6,11,27,35,21,377,9,17,27,29,18,377,4,3,19,40,35,376,4,10,25,35,27,375,5,9,22,37,27,373,3,9,10,53,25,377,12,25,27,27,9,379,16,23,33,20,8,378,15,18,37,21,9,378
RWP,2017,4,7,18,47,24,"1,926",4,10,17,41,27,"1,930",5,15,25,36,20,"1,924",8,18,25,33,18,"1,927",3,5,19,39,34,"1,928",4,9,23,36,28,"1,927",4,7,20,42,27,"1,923",4,9,10,54,22,"1,927",14,23,32,25,5,"1,929",17,25,33,20,5,"1,924",16,22,40,18,4,"1,923"
RRF,2017,2,5,16,47,30,421,3,8,16,40,33,421,3,11,21,38,26,420,6,17,22,33,22,418,3,5,13,36,43,422,3,7,21,36,33,422,2,6,20,38,34,420,2,5,9,50,34,421,7,15,33,33,12,421,9,24,33,23,10,419,9,17,41,23,10,422
RA4,2017,2,5,14,49,30,"1,283",2,6,15,45,32,"1,282",4,11,23,37,25,"1,280",6,14,23,37,20,"1,286",2,3,17,37,41,"1,282",2,6,20,40,32,"1,287",2,6,18,43,31,"1,281",3,7,9,51,30,"1,285",7,20,33,30,10,"1,280",10,26,29,25,9,"1,284",8,20,38,26,8,"1,285"
R1H,2017,5,7,16,46,26,"6,803",6,8,17,43,26,"6,789",6,12,22,40,21,"6,793",9,14,22,36,19,"6,788",5,5,19,39,31,"6,794",6,8,21,40,25,"6,788",5,6,19,44,25,"6,780",3,6,9,52,30,"6,810",10,18,29,31,11,"6,803",14,20,30,27,9,"6,800",13,17,35,26,9,"6,789"
RXL,2017,3,7,14,47,29,"2,246",4,9,15,43,30,"2,247",4,11,20,41,24,"2,251",6,14,23,36,22,"2,249",3,4,16,39,38,"2,250",3,8,19,38,31,"2,250",3,6,17,44,31,"2,253",2,6,7,55,31,"2,252",10,22,29,30,10,"2,244",13,23,32,24,8,"2,245",12,20,38,22,7,"2,242"
RMC,2017,2,7,16,43,32,524,2,8,19,38,32,522,5,9,25,39,22,524,6,12,23,38,20,525,3,3,16,36,42,524,4,6,21,36,33,525,3,6,18,40,33,523,1,7,7,49,35,526,7,22,28,32,11,527,9,23,30,28,9,527,6,21,38,27,8,526
RXQ,2017,2,6,14,46,31,"2,818",3,6,15,44,31,"2,815",4,11,23,38,25,"2,811",6,13,22,37,22,"2,810",2,3,15,40,39,"2,807",3,5,19,40,32,"2,813",3,4,17,44,32,"2,809",2,7,10,54,27,"2,819",9,21,32,29,8,"2,812",12,22,33,26,8,"2,807",11,17,40,24,7,"2,808"
RW3,2017,4,7,16,45,27,"4,750",5,9,16,42,28,"4,751",6,13,21,37,23,"4,742",8,16,21,34,20,"4,740",4,5,17,39,35,"4,746",5,9,21,37,29,"4,737",4,7,19,41,29,"4,733",2,5,7,52,33,"4,765",10,19,29,30,12,"4,755",13,22,29,26,10,"4,750",12,19,36,24,9,"4,741"
RXP,2017,3,6,15,48,28,"3,091",4,8,16,44,29,"3,087",4,12,23,37,24,"3,093",7,16,24,34,20,"3,096",3,4,17,38,38,"3,087",4,7,23,37,30,"3,092",3,5,20,43,29,"3,098",2,7,9,54,29,"3,092",12,24,30,25,9,"3,091",16,26,29,21,8,"3,087",15,22,36,20,7,"3,091"
RJ6,2017,4,7,15,46,28,"1,367",5,9,16,41,28,"1,367",6,12,21,38,22,"1,369",8,15,24,33,20,"1,360",5,6,19,37,33,"1,358",6,8,21,38,27,"1,365",4,7,21,39,29,"1,361",4,7,11,50,29,"1,369",12,20,30,29,9,"1,362",14,21,30,26,8,"1,367",15,18,36,25,8,"1,362"
RJN,2017,3,6,15,47,28,"1,026",4,7,15,43,30,"1,023",4,11,21,37,26,"1,024",7,14,21,36,21,"1,021",3,4,16,40,38,"1,024",4,7,18,40,31,"1,025",4,5,17,44,31,"1,025",2,8,8,52,31,"1,025",9,20,33,30,8,"1,025",12,23,33,25,8,"1,021",10,18,40,25,7,"1,023"
RXC,2017,3,6,14,48,30,"3,221",4,8,16,43,29,"3,220",5,11,20,40,25,"3,222",7,14,25,33,21,"3,216",3,4,18,38,37,"3,218",4,7,20,37,32,"3,225",4,5,18,43,30,"3,226",3,7,11,55,24,"3,226",10,19,33,30,9,"3,218",12,22,33,25,8,"3,221",10,17,40,24,8,"3,214"
RR7,2017,2,5,13,48,32,"1,559",2,6,13,44,34,"1,555",3,10,21,38,27,"1,555",5,13,20,37,26,"1,556",2,3,14,38,44,"1,553",2,6,18,39,36,"1,555",2,5,17,43,33,"1,554",1,5,6,51,36,"1,554",7,19,26,34,13,"1,553",9,20,30,30,11,"1,553",8,16,37,28,11,"1,551"
RLT,2017,4,5,14,49,27,919,5,6,18,44,28,916,5,11,24,37,23,914,8,14,26,34,19,917,4,5,16,39,36,913,5,7,22,37,29,914,5,5,21,43,27,913,3,7,11,52,27,919,9,18,32,32,9,917,11,20,35,26,9,914,10,15,42,24,9,916
RN3,2017,3,7,15,49,26,"2,393",4,8,16,43,29,"2,391",4,13,20,41,22,"2,384",6,14,24,36,20,"2,385",3,4,17,39,36,"2,386",4,8,19,39,30,"2,389",3,6,18,45,28,"2,387",2,6,9,56,28,"2,389",10,24,31,27,8,"2,383",12,26,32,24,6,"2,387",11,20,40,23,6,"2,386"
RJ1,2017,3,6,14,47,31,"5,303",4,7,15,43,31,"5,277",4,10,21,40,24,"5,274",7,13,22,36,23,"5,274",3,4,18,38,37,"5,267",4,6,20,38,31,"5,270",3,5,17,43,32,"5,274",2,4,6,50,39,"5,281",7,15,26,38,14,"5,274",10,18,30,31,12,"5,273",9,13,36,30,11,"5,268"
RCD,2017,2,6,14,46,32,630,3,9,14,43,32,629,4,11,19,42,23,631,5,16,21,33,24,628,3,3,17,38,38,630,3,7,20,39,30,631,3,5,18,42,32,629,3,9,9,52,27,633,8,19,28,34,11,634,11,22,31,28,8,630,10,17,39,25,8,632
RQX,2017,3,5,14,47,32,"1,802",3,6,16,43,32,"1,803",4,10,20,41,25,"1,805",5,12,22,38,22,"1,797",3,5,16,41,35,"1,798",4,6,18,41,31,"1,796",3,4,17,45,31,"1,797",2,3,6,50,39,"1,810",8,13,28,36,14,"1,803",11,15,30,33,11,"1,806",9,13,34,33,11,"1,803"
RJ2,2017,4,7,15,46,28,"1,809",5,9,16,42,28,"1,806",6,12,23,37,22,"1,804",9,15,22,35,19,"1,806",4,5,20,37,34,"1,807",6,8,22,36,28,"1,806",5,6,19,42,28,"1,800",3,6,9,52,30,"1,808",14,22,28,26,10,"1,807",17,22,30,23,8,"1,807",16,19,37,21,8,"1,808"
R1K,2017,4,6,18,46,25,"3,648",6,9,18,42,26,"3,639",6,12,23,39,20,"3,639",9,14,24,35,18,"3,638",5,5,21,40,29,"3,642",6,8,22,39,24,"3,636",5,7,21,43,24,"3,640",3,5,10,54,27,"3,645",12,18,29,30,11,"3,642",16,21,30,24,8,"3,645",15,18,36,24,8,"3,643"
RBT,2017,2,7,15,47,29,673,4,9,16,41,31,673,4,10,24,37,25,671,7,16,25,32,21,672,2,4,16,39,40,669,3,8,21,37,31,673,3,5,21,42,29,674,2,6,9,52,31,670,7,19,32,31,11,669,10,24,32,23,10,669,10,19,39,24,9,669
RXF,2017,4,7,15,46,27,"3,242",5,8,16,43,28,"3,239",5,12,23,39,22,"3,239",8,15,24,34,19,"3,234",5,5,19,37,34,"3,235",6,8,21,38,27,"3,240",5,6,19,43,27,"3,235",3,7,9,52,29,"3,245",11,20,29,30,9,"3,240",15,23,30,24,9,"3,240",14,20,34,25,8,"3,231"
RVW,2017,3,6,16,49,26,615,3,8,20,40,29,615,3,13,22,39,23,613,6,16,26,33,18,616,2,5,17,37,38,614,4,7,20,38,31,616,4,6,19,42,30,615,1,4,10,54,31,616,7,19,33,31,10,613,11,24,34,22,9,612,8,21,39,23,8,615
RBZ,2017,1,4,14,43,38,"1,152",2,7,13,39,40,"1,149",3,9,20,36,32,"1,148",5,11,22,33,29,"1,151",2,2,13,35,48,"1,149",2,5,18,35,41,"1,148",2,3,16,38,40,"1,148",3,6,9,50,32,"1,154",10,20,28,32,10,"1,152",10,20,32,28,10,"1,153",9,18,40,26,8,"1,152"
RW6,2017,5,7,17,44,26,"2,955",5,9,18,41,27,"2,951",6,13,23,36,21,"2,948",10,16,22,34,18,"2,940",5,5,19,39,32,"2,940",6,9,22,36,26,"2,941",5,7,21,41,26,"2,943",4,7,11,52,26,"2,949",12,21,29,28,10,"2,928",15,24,29,24,8,"2,932",15,20,36,22,7,"2,922"
RH8,2017,2,6,15,48,30,"3,910",2,7,16,44,31,"3,907",3,12,22,38,25,"3,906",5,15,23,36,21,"3,905",2,4,17,39,38,"3,905",3,6,20,38,32,"3,908",2,5,18,43,31,"3,906",2,7,10,51,30,"3,913",7,19,32,33,9,"3,904",9,22,34,27,8,"3,904",8,16,41,27,7,"3,895"
RM3,2017,4,8,16,44,29,"3,071",4,9,15,42,30,"3,076",5,12,20,38,25,"3,069",7,15,21,33,23,"3,064",4,5,17,38,37,"3,069",5,7,21,37,30,"3,064",4,7,18,40,30,"3,062",3,8,8,51,30,"3,074",12,20,27,30,11,"3,071",15,22,29,24,10,"3,064",14,19,34,22,10,"3,069"
RXK,2017,3,7,14,49,27,333,4,6,18,46,27,333,5,10,22,41,23,331,6,16,18,38,21,333,3,4,19,41,33,331,5,7,20,38,30,333,4,5,19,44,29,332,2,5,8,54,30,336,9,20,27,35,9,336,11,22,31,29,7,337,11,18,37,28,7,337
RCU,2017,4,7,18,44,26,"1,456",6,10,17,41,27,"1,457",6,13,24,36,22,"1,459",9,15,23,33,21,"1,456",4,4,19,38,36,"1,456",5,8,19,38,30,"1,460",4,7,21,39,30,"1,458",2,6,9,54,29,"1,459",12,24,31,25,9,"1,458",16,23,30,24,7,"1,460",15,20,38,21,6,"1,458"
RHQ,2017,2,7,17,48,26,"7,194",3,8,17,45,27,"7,181",4,12,23,40,21,"7,165",6,16,24,35,19,"7,158",2,4,18,39,36,"7,177",3,8,22,39,29,"7,174",3,6,20,44,28,"7,171",1,4,7,53,34,"7,201",7,18,31,33,11,"7,182",10,21,31,28,10,"7,183",8,15,38,29,9,"7,174"
RTR,2017,3,7,14,47,28,409,3,8,17,43,29,411,5,11,23,37,25,412,8,14,25,33,20,410,4,3,19,36,39,411,4,6,22,36,32,412,4,6,18,40,32,408,5,7,7,54,28,410,14,23,31,25,8,408,19,27,28,20,6,407,18,22,39,16,5,409
RE9,2017,4,8,18,42,28,"1,568",4,7,18,41,29,"1,566",5,12,24,36,24,"1,566",8,18,23,31,21,"1,566",3,4,20,36,36,"1,566",5,8,24,36,28,"1,570",4,7,23,38,27,"1,564",3,8,9,55,25,"1,571",11,23,32,25,9,"1,562",16,28,30,18,8,"1,565",14,21,39,18,7,"1,564"
RJC,2017,3,5,14,45,33,584,4,7,16,38,34,583,4,12,23,33,28,582,7,15,21,35,23,582,3,5,15,35,42,581,4,8,17,38,33,583,3,6,19,39,34,583,2,5,8,50,36,584,8,18,28,33,13,585,11,20,33,27,9,585,9,16,41,25,9,584
RVY,2017,4,10,21,45,20,"1,256",6,9,19,45,21,"1,253",7,15,25,36,17,"1,253",10,19,26,31,14,"1,257",4,4,18,43,31,"1,255",5,6,25,39,25,"1,253",5,8,22,42,24,"1,255",5,12,14,51,18,"1,255",14,27,32,22,5,"1,250",18,29,31,17,5,"1,248",15,25,39,17,4,"1,245"
RJ7,2017,4,7,17,45,26,"4,153",6,9,17,42,26,"4,141",7,13,22,38,20,"4,139",9,14,24,34,19,"4,136",5,6,21,38,31,"4,140",6,9,23,37,26,"4,143",5,7,19,43,26,"4,132",2,7,9,53,29,"4,151",10,19,29,32,10,"4,151",14,22,30,26,8,"4,142",13,20,36,24,7,"4,141"
RWJ,2017,4,6,16,44,29,"2,066",4,9,16,42,29,"2,065",5,11,20,40,24,"2,061",7,16,22,34,21,"2,060",4,4,17,38,37,"2,062",5,7,20,37,30,"2,060",4,6,18,43,30,"2,061",3,7,10,51,29,"2,060",12,21,27,30,10,"2,062",15,25,30,22,8,"2,060",14,21,37,21,7,"2,058"
RMP,2017,5,7,12,44,32,500,5,8,13,42,32,502,5,11,20,37,27,500,8,16,21,32,23,501,4,5,17,33,41,500,5,7,18,36,34,501,4,7,15,41,32,500,3,6,8,50,33,501,7,19,29,31,13,494,9,28,27,25,11,491,9,21,35,23,12,492
RNA,2017,3,7,15,49,26,"1,662",4,8,16,45,27,"1,659",4,12,21,41,22,"1,660",7,16,23,35,19,"1,660",3,5,17,39,36,"1,659",4,8,20,39,28,"1,659",3,6,19,44,27,"1,658",2,6,10,56,26,"1,663",9,19,33,30,9,"1,663",11,23,34,24,8,"1,662",11,18,42,22,8,"1,660"
RTD,2017,3,7,16,49,25,"4,472",3,9,16,44,27,"4,469",4,12,23,40,21,"4,462",7,15,23,36,19,"4,469",3,5,18,38,35,"4,471",4,8,21,38,29,"4,469",3,6,19,44,28,"4,462",1,3,5,51,40,"4,472",6,18,28,36,12,"4,473",10,21,32,28,10,"4,466",9,17,38,27,9,"4,459"
RFR,2017,4,8,16,45,28,"1,693",4,10,16,41,28,"1,690",5,13,22,37,22,"1,691",8,16,23,34,20,"1,689",4,5,17,37,37,"1,691",4,8,21,37,29,"1,690",4,7,19,42,28,"1,688",3,8,10,53,26,"1,691",15,25,31,23,7,"1,684",18,26,31,19,6,"1,688",16,24,36,18,5,"1,686"
RL4,2017,3,7,17,45,28,"3,248",4,8,16,41,30,"3,240",5,12,21,38,24,"3,229",8,14,22,34,21,"3,241",3,5,17,38,37,"3,238",4,8,21,37,31,"3,245",4,6,19,41,29,"3,250",2,5,8,52,34,"3,251",9,16,30,33,12,"3,245",12,19,34,25,9,"3,237",11,15,39,25,9,"3,235"
RA9,2017,4,7,17,45,27,"2,104",5,9,17,39,30,"2,100",6,13,22,36,23,"2,102",8,15,22,35,20,"2,100",4,5,17,38,36,"2,095",4,8,22,37,29,"2,100",4,6,19,42,29,"2,102",2,6,9,54,30,"2,106",10,22,31,28,9,"2,106",13,23,32,24,7,"2,105",12,18,41,22,7,"2,104"
RBK,2017,4,8,15,46,27,"1,512",5,9,16,41,29,"1,510",5,12,21,37,24,"1,507",8,15,22,35,21,"1,512",4,5,16,37,38,"1,507",5,8,19,38,30,"1,512",5,7,17,41,29,"1,515",3,6,10,55,26,"1,509",13,25,27,28,8,"1,515",15,26,27,24,7,"1,511",15,23,34,23,6,"1,515"
RKE,2017,4,7,15,44,30,"1,621",5,8,16,41,30,"1,619",5,11,22,38,24,"1,618",8,14,21,36,22,"1,620",5,4,19,37,35,"1,621",6,7,22,35,30,"1,620",5,5,18,42,31,"1,616",2,4,7,54,34,"1,624",11,20,28,29,12,"1,621",15,22,29,26,9,"1,622",13,19,35,25,8,"1,620"
RLQ,2017,3,8,16,48,25,"1,481",3,10,18,43,26,"1,478",5,13,24,38,20,"1,483",8,17,23,36,17,"1,485",4,4,18,40,33,"1,478",5,7,22,38,28,"1,487",4,7,20,43,26,"1,486",3,9,11,52,24,"1,485",10,24,32,28,6,"1,482",14,26,33,22,5,"1,485",13,22,42,19,5,"1,483"
RCB,2017,4,7,16,49,25,"4,085",4,9,17,43,27,"4,084",5,13,22,40,20,"4,085",8,16,25,34,17,"4,075",3,5,18,39,35,"4,078",4,8,22,39,27,"4,076",4,6,20,44,26,"4,079",2,7,9,54,29,"4,092",9,22,31,29,8,"4,085",13,25,32,23,6,"4,088",11,19,41,22,6,"4,079"
RBS,2017,3,7,16,48,27,"1,736",3,8,17,43,28,"1,736",5,13,25,36,22,"1,732",6,15,24,35,20,"1,735",2,4,16,39,39,"1,729",3,7,20,39,31,"1,730",3,6,20,43,28,"1,734",3,9,10,52,26,"1,741",9,22,32,29,8,"1,735",11,22,34,26,7,"1,735",10,18,41,25,7,"1,731"
RQ3,2017,3,7,16,47,27,"1,933",4,9,17,41,29,"1,933",4,14,22,38,21,"1,930",7,15,22,34,21,"1,928",3,5,18,37,37,"1,931",4,8,20,36,32,"1,928",4,6,19,41,30,"1,929",2,6,8,50,34,"1,932",10,22,30,29,10,"1,935",13,23,29,26,9,"1,934",11,19,38,25,8,"1,936"
RP4,2017,4,7,15,43,29,534,6,9,14,39,31,532,7,14,23,34,22,532,9,16,24,33,19,531,6,5,17,36,35,533,5,9,22,34,30,532,6,5,19,40,30,532,3,8,7,49,32,532,12,24,27,28,9,528,18,24,29,21,8,530,15,21,36,20,7,529
RBQ,2017,2,4,14,47,33,893,2,4,15,43,35,891,3,7,19,42,28,890,4,11,23,38,24,889,2,3,16,38,41,891,2,5,18,40,33,889,2,3,19,44,32,887,0,6,9,53,32,894,6,14,29,37,14,890,7,17,32,31,12,893,7,15,34,32,12,893
REP,2017,3,6,14,49,28,880,4,7,14,44,30,877,5,9,25,36,25,878,8,14,25,33,21,876,3,4,19,33,40,877,5,6,22,35,32,877,4,5,20,41,29,876,2,8,9,52,28,880,8,21,32,28,10,878,12,24,31,24,9,877,9,19,41,24,8,877
RP6,2017,3,5,15,46,31,"1,104",3,6,14,46,32,"1,103",4,10,19,42,26,"1,103",7,12,21,36,24,"1,103",3,3,17,37,40,"1,103",4,5,18,39,33,"1,103",4,4,17,44,31,"1,102",2,5,8,51,35,"1,102",8,14,28,37,13,"1,102",11,17,30,31,11,"1,103",10,15,36,29,10,"1,103"
RGM,2017,2,6,15,48,30,560,3,6,17,42,32,559,2,9,24,39,26,559,4,12,24,37,22,559,2,3,19,39,37,557,3,6,20,38,33,558,2,5,17,45,32,558,1,4,8,54,33,560,8,22,30,32,9,558,11,22,32,28,8,559,10,17,40,26,6,557
RPC,2017,5,8,16,41,30,506,5,8,14,40,33,505,5,11,19,39,26,506,8,14,21,34,24,504,3,4,20,34,39,504,4,6,20,35,35,504,3,6,19,40,33,505,3,7,9,53,27,508,12,27,25,28,8,502,15,27,28,24,7,501,14,20,37,23,6,498
RT3,2017,4,8,14,48,26,"1,816",5,9,14,44,28,"1,819",5,12,22,40,21,"1,818",7,15,21,37,20,"1,814",4,5,18,39,35,"1,813",5,7,22,38,28,"1,814",5,6,17,43,28,"1,812",1,4,6,54,34,"1,821",7,16,28,36,13,"1,819",10,19,29,31,12,"1,818",9,15,36,29,11,"1,816"
RAN,2017,2,5,15,44,32,758,2,7,15,41,35,754,4,8,22,37,29,753,6,11,20,36,27,751,2,3,18,37,40,755,3,6,20,34,36,754,3,5,18,39,35,754,1,2,7,49,41,759,6,13,28,37,15,754,9,16,30,32,14,752,9,12,34,32,14,740
RBV,2017,3,5,15,46,31,"1,207",4,7,14,39,35,"1,207",4,12,20,37,27,"1,207",7,12,18,36,27,"1,205",3,3,15,36,42,"1,208",4,6,18,37,35,"1,206",4,5,15,43,34,"1,204",1,5,5,49,40,"1,209",8,18,27,35,13,"1,208",10,20,30,30,11,"1,207",10,15,36,29,10,"1,207"
REN,2017,4,6,17,46,28,715,4,6,15,42,32,715,4,12,20,39,24,711,7,14,23,33,22,712,3,3,16,39,39,713,4,7,21,37,31,714,3,6,18,44,28,713,1,6,7,50,35,713,7,22,31,30,10,714,10,22,31,28,10,715,10,18,39,25,9,713
RL1,2017,3,6,16,52,23,573,3,8,17,45,26,573,5,12,25,38,19,573,7,14,28,35,17,573,2,4,19,36,38,570,4,8,23,38,28,572,4,6,20,45,26,571,2,8,11,52,27,574,7,19,35,31,8,571,10,20,37,25,7,573,8,19,42,25,6,571
RPY,2017,2,5,15,45,32,"2,067",3,6,15,42,34,"2,066",3,9,21,40,28,"2,064",5,11,22,37,25,"2,066",2,4,16,35,43,"2,063",3,5,18,38,35,"2,063",3,4,16,43,35,"2,068",1,5,6,51,37,"2,067",5,13,26,39,16,"2,063",7,17,31,32,13,"2,066",7,12,35,33,13,"2,061"
RRJ,2017,3,6,16,47,28,374,4,7,17,44,29,374,4,9,21,45,21,372,6,15,19,38,22,373,3,3,17,40,37,374,3,7,19,42,30,371,4,5,18,46,27,371,5,11,12,50,23,374,11,23,31,26,9,375,14,23,32,23,8,375,13,21,38,21,7,373
RET,2017,3,5,14,46,32,571,3,5,17,42,33,572,5,8,23,37,27,570,6,13,22,33,25,572,3,3,15,36,42,571,3,7,21,33,35,570,3,4,18,40,34,571,1,6,9,47,38,573,6,15,27,35,16,573,7,18,31,30,13,573,7,14,37,28,15,572
RTQ,2017,2,6,13,42,36,910,3,7,14,39,38,910,3,9,15,41,32,910,5,12,20,36,28,909,2,3,13,35,48,911,3,5,15,35,42,911,2,3,13,39,42,911,2,5,6,54,34,911,7,19,32,32,10,911,10,22,32,27,9,911,8,17,41,26,9,912
RVN,2017,3,5,14,49,29,"1,998",3,6,13,46,31,"2,004",4,9,19,43,25,"2,003",5,12,21,40,22,"2,001",3,4,15,39,40,"2,000",3,5,17,41,34,"1,999",3,4,15,45,33,"1,995",3,7,10,54,27,"2,003",13,22,31,27,7,"2,000",17,24,31,23,6,"2,000",15,20,38,22,6,"1,991"
RXT,2017,4,7,16,46,27,"1,585",3,9,17,43,27,"1,587",4,11,20,42,24,"1,583",7,13,23,37,21,"1,584",3,4,18,40,36,"1,585",3,8,20,38,30,"1,586",4,5,20,41,30,"1,582",1,5,7,52,35,"1,587",13,21,31,27,8,"1,586",17,23,32,22,7,"1,584",15,20,38,20,7,"1,585"
TAF,2017,2,3,12,50,33,753,3,5,15,43,35,752,3,8,18,41,30,752,5,10,17,40,28,751,3,5,15,39,38,746,3,4,16,42,35,752,3,3,13,45,35,749,1,5,7,49,38,751,7,18,26,35,15,751,9,19,27,33,12,750,9,14,36,30,11,749
RV3,2017,3,7,15,45,30,"2,953",4,8,16,40,32,"2,952",4,10,20,40,27,"2,943",6,13,21,37,24,"2,945",3,5,16,39,37,"2,948",5,6,19,39,32,"2,943",4,5,16,42,32,"2,945",2,4,7,52,36,"2,953",10,20,28,31,11,"2,954",14,20,30,27,9,"2,949",12,16,36,26,10,"2,948"
RWV,2017,2,5,11,47,35,"1,605",2,5,11,42,39,"1,602",2,8,17,42,31,"1,602",4,11,18,39,29,"1,603",1,3,15,35,46,"1,602",2,4,14,40,40,"1,604",2,4,13,43,39,"1,599",2,6,9,50,33,"1,599",10,20,31,31,9,"1,603",13,21,31,27,9,"1,599",12,16,39,24,9,"1,599"
RYK,2017,2,5,13,45,36,539,2,6,11,41,40,538,2,7,16,41,33,539,4,9,23,35,29,539,1,3,12,33,51,538,2,5,15,35,43,541,1,5,14,38,42,539,3,6,10,49,32,540,5,16,29,37,12,538,8,15,35,30,11,538,5,10,44,30,11,538
RXV,2017,2,6,14,48,30,"1,491",3,8,13,43,33,"1,490",3,10,18,42,27,"1,497",5,14,21,37,23,"1,490",2,3,14,41,40,"1,494",3,6,18,40,34,"1,493",2,6,16,43,33,"1,490",3,8,7,48,34,"1,497",10,20,29,29,12,"1,486",15,22,30,24,9,"1,480",12,19,37,23,9,"1,479"
RWR,2017,3,5,14,45,33,"1,327",3,8,13,42,34,"1,327",4,9,20,39,27,"1,326",6,13,19,37,24,"1,326",4,4,14,37,41,"1,326",4,6,16,38,36,"1,328",3,5,15,42,34,"1,326",1,4,7,50,38,"1,329",8,18,27,33,14,"1,326",11,19,29,29,12,"1,328",10,17,35,28,11,"1,326"
R1F3,2017,7,7,21,36,28,163,6,8,18,41,28,163,9,16,21,32,22,161,12,13,24,32,19,163,6,4,20,37,34,163,7,10,23,33,26,163,7,7,23,37,26,161,6,14,9,51,20,162,15,24,34,22,6,163,15,26,29,25,4,163,15,27,32,22,4,162
RXY,2017,2,4,12,46,35,"1,714",3,6,13,42,36,"1,713",2,8,17,41,32,"1,715",5,11,20,37,27,"1,715",2,3,13,39,43,"1,712",3,5,16,39,38,"1,713",2,5,15,42,36,"1,712",1,4,7,52,36,"1,720",6,16,28,36,14,"1,711",9,18,29,31,12,"1,706",8,15,35,29,12,"1,708"
RGD,2017,2,4,12,49,32,"1,334",2,5,14,43,35,"1,333",3,8,19,42,28,"1,329",4,11,22,39,25,"1,333",2,3,15,37,42,"1,332",2,5,16,42,35,"1,334",2,4,17,43,34,"1,330",3,7,9,50,32,"1,333",12,22,30,27,8,"1,333",14,21,29,27,9,"1,333",13,18,37,24,7,"1,327"
RP7,2017,2,5,13,45,36,"1,059",3,7,13,41,36,"1,058",3,9,18,39,31,"1,059",5,11,23,35,26,"1,060",2,3,15,38,43,"1,060",3,5,17,38,38,"1,058",2,4,17,39,37,"1,057",1,4,5,53,36,"1,059",7,16,30,35,12,"1,059",10,20,30,30,10,"1,059",9,14,36,30,10,"1,056"
RW4,2017,3,6,15,47,29,"2,645",4,6,16,43,31,"2,643",4,9,21,40,26,"2,637",6,12,23,36,23,"2,639",3,2,16,40,40,"2,646",4,5,20,39,33,"2,640",3,5,19,41,32,"2,642",2,6,8,53,31,"2,651",9,20,30,30,11,"2,646",12,22,31,25,10,"2,650",11,17,38,25,10,"2,645"
RMY,2017,4,7,16,46,27,"2,035",5,9,17,41,28,"2,033",5,12,23,38,22,"2,031",7,15,24,33,20,"2,033",3,4,17,39,38,"2,032",3,7,19,40,31,"2,033",4,6,20,42,29,"2,032",3,7,8,55,28,"2,036",16,27,28,22,7,"2,035",19,26,27,21,6,"2,032",17,23,37,18,6,"2,029"
RLY,2017,2,4,12,49,34,705,2,6,15,42,35,705,3,8,18,42,29,700,5,13,19,37,26,704,2,3,13,38,44,703,3,4,18,39,37,703,2,5,16,42,34,702,1,3,8,56,32,706,6,19,32,30,13,704,9,22,34,25,11,704,9,15,43,24,10,702
RX4,2017,1,4,14,46,35,"3,871",2,6,14,42,36,"3,867",2,8,19,40,31,"3,866",4,12,21,38,25,"3,861",1,3,14,36,46,"3,855",2,5,16,39,38,"3,863",1,4,16,42,36,"3,861",1,5,9,55,30,"3,877",6,16,34,34,10,"3,868",8,20,34,29,9,"3,871",7,16,42,27,9,"3,861"
TAH,2017,3,7,15,44,30,821,4,7,16,42,31,820,5,11,20,40,25,820,6,14,19,39,22,820,2,4,15,38,41,821,3,7,14,40,35,821,3,6,15,40,36,818,3,5,6,51,36,817,14,23,27,28,8,820,17,23,26,26,8,817,15,21,35,22,7,822
RV5,2017,3,6,13,47,31,"1,821",4,7,14,44,32,"1,820",4,9,19,42,26,"1,821",5,11,20,40,24,"1,818",3,4,19,39,36,"1,820",4,6,19,40,32,"1,819",3,4,15,46,32,"1,818",2,5,9,54,31,"1,815",10,20,30,31,9,"1,816",13,22,30,26,9,"1,814",11,19,37,25,8,"1,815"
RRE,2017,2,4,13,47,35,"2,142",2,5,14,44,35,"2,142",2,8,19,43,29,"2,141",4,11,21,39,25,"2,142",2,3,14,38,43,"2,143",2,5,16,41,36,"2,141",2,4,16,43,35,"2,140",1,4,7,50,38,"2,147",7,16,27,36,14,"2,142",8,17,28,33,13,"2,144",8,14,34,31,13,"2,141"
RQY,2017,4,6,15,45,30,938,4,7,16,42,31,934,4,10,19,41,27,937,7,13,20,38,23,933,4,5,19,37,35,935,5,6,19,40,30,936,4,4,17,42,32,936,2,7,10,54,26,938,13,22,28,29,8,936,16,22,31,24,7,938,15,18,38,22,6,937
RXX,2017,2,4,12,46,36,"1,439",2,5,12,43,37,"1,438",2,7,17,42,31,"1,442",4,10,20,38,27,"1,438",1,3,16,37,43,"1,439",2,5,18,38,37,"1,441",2,4,14,43,38,"1,437",2,5,8,50,34,"1,439",8,18,28,33,13,"1,439",11,19,30,29,11,"1,438",10,17,36,26,11,"1,442"
RX2,2017,2,6,14,47,32,"2,167",2,8,14,42,35,"2,170",3,10,18,42,27,"2,166",5,13,21,37,25,"2,167",2,3,15,37,42,"2,169",2,6,16,38,37,"2,166",2,5,15,42,36,"2,169",2,4,7,53,35,"2,167",7,17,33,32,12,"2,164",9,18,30,31,11,"2,168",8,15,40,27,10,"2,162"
RNK,2017,2,6,15,46,31,338,3,6,16,43,33,338,3,8,20,42,27,339,4,11,15,44,25,338,2,3,15,40,40,339,2,6,18,40,34,339,1,5,12,43,39,338,1,3,2,51,43,338,6,19,27,35,13,338,6,15,27,37,15,338,7,14,35,31,13,339
RX3,2017,2,4,13,45,35,"3,275",3,6,14,41,36,"3,272",3,8,17,40,31,"3,272",5,12,20,35,27,"3,271",3,4,14,36,43,"3,273",3,5,17,38,37,"3,275",3,4,17,42,35,"3,272",2,3,7,50,39,"3,278",7,17,29,32,15,"3,275",9,20,30,27,13,"3,273",9,16,37,25,12,"3,273"
RKL,2017,3,6,12,43,36,"1,352",4,5,11,42,38,"1,350",4,8,15,42,31,"1,355",6,10,19,36,29,"1,360",4,3,12,38,42,"1,351",4,5,14,38,38,"1,356",4,4,14,40,38,"1,361",2,4,8,47,38,"1,354",8,18,27,33,14,"1,352",11,18,32,28,12,"1,350",11,15,37,25,12,"1,346"
RRP,2017,3,5,14,45,33,"1,314",3,6,14,43,34,"1,310",4,8,21,40,28,"1,306",7,10,22,37,24,"1,304",3,3,16,39,39,"1,306",4,5,19,39,33,"1,305",3,5,16,42,34,"1,308",2,3,7,52,36,"1,311",8,16,32,32,13,"1,310",11,18,33,28,10,"1,307",10,14,40,26,10,"1,307"
RWX,2017,2,4,13,47,33,"1,751",3,6,15,42,35,"1,749",3,10,17,43,27,"1,748",5,11,19,38,26,"1,748",2,3,17,38,40,"1,748",2,6,18,39,35,"1,751",2,4,17,42,34,"1,747",1,4,6,54,34,"1,751",6,15,27,39,13,"1,747",8,16,29,35,12,"1,746",7,13,34,34,12,"1,744"
TAJ,2017,4,7,15,45,28,635,5,8,14,45,29,636,6,9,18,43,24,632,7,13,20,39,21,632,3,5,16,38,38,635,5,6,17,39,32,635,5,6,16,41,32,634,4,8,11,52,25,635,11,21,32,27,8,633,15,22,33,23,8,630,13,19,41,20,7,632
TAD,2017,3,7,14,45,31,"1,545",4,8,15,42,31,"1,546",4,12,18,39,27,"1,543",7,15,22,34,23,"1,543",3,4,16,38,39,"1,543",3,6,19,38,33,"1,542",3,5,18,42,32,"1,543",1,4,7,55,33,"1,542",7,18,29,34,12,"1,544",11,22,28,29,10,"1,545",10,18,34,29,10,"1,544"
RT1,2017,2,5,14,49,29,"1,909",3,7,16,43,31,"1,907",4,10,21,42,24,"1,905",6,12,21,39,22,"1,904",2,4,16,42,36,"1,905",3,6,17,42,32,"1,905",3,5,16,46,30,"1,900",2,5,8,58,28,"1,906",8,18,33,32,9,"1,904",10,20,34,27,8,"1,903",10,16,40,26,8,"1,903"
RXA,2017,2,5,13,45,35,"1,637",3,7,14,42,35,"1,642",3,9,20,38,30,"1,638",5,13,22,35,26,"1,640",2,3,13,36,47,"1,637",2,5,15,39,39,"1,640",2,5,15,42,36,"1,641",2,5,8,56,29,"1,641",9,23,31,29,9,"1,642",12,24,32,25,7,"1,642",11,18,41,23,7,"1,638"
RJ8,2017,2,4,14,45,35,"1,370",3,6,16,40,36,"1,366",3,8,20,39,29,"1,368",5,12,21,35,26,"1,369",2,2,17,35,44,"1,365",3,5,18,37,37,"1,366",3,4,16,41,37,"1,371",3,8,10,49,31,"1,370",10,19,33,29,10,"1,373",13,20,34,24,9,"1,376",11,17,41,23,8,"1,371"
RYG,2017,4,6,14,48,28,"1,767",4,6,15,42,32,"1,765",4,9,20,42,25,"1,765",7,11,23,38,21,"1,766",3,3,16,38,40,"1,767",4,5,18,39,34,"1,764",4,5,17,43,32,"1,765",2,6,8,55,29,"1,765",12,23,30,27,8,"1,770",16,23,30,25,7,"1,764",15,19,35,24,7,"1,766"
RNN,2017,2,5,14,47,32,"1,965",3,6,15,42,34,"1,961",3,9,19,41,28,"1,961",5,12,21,38,24,"1,965",2,3,13,39,44,"1,959",3,5,16,39,37,"1,964",2,5,16,41,36,"1,963",2,8,9,57,24,"1,963",8,21,35,29,7,"1,960",11,23,35,25,6,"1,957",9,19,44,22,6,"1,956"
RXM,2017,3,8,14,43,32,"1,001",4,8,15,40,34,"1,002",4,10,20,38,28,"1,000",6,13,19,36,26,"1,002",4,4,15,35,43,"1,001",4,5,18,36,37,998,3,5,17,39,35,999,3,7,12,53,26,"1,006",12,19,33,27,9,"1,001",15,21,32,25,7,"1,006",14,17,40,24,6,"1,005"
RDY,2017,2,5,11,44,38,"2,723",2,6,13,39,40,"2,723",3,9,19,39,31,"2,718",5,12,20,36,28,"2,719",2,3,14,34,47,"2,719",2,6,17,36,40,"2,720",2,4,15,41,39,"2,718",1,5,8,52,33,"2,713",6,17,31,34,12,"2,716",9,19,34,28,10,"2,718",8,14,42,27,9,"2,714"
RWK,2017,3,5,13,43,36,"2,283",4,5,13,41,37,"2,277",4,7,18,39,31,"2,269",6,10,19,37,28,"2,267",3,3,15,39,40,"2,274",3,5,17,39,36,"2,273",3,4,15,41,37,"2,271",1,3,6,47,43,"2,280",8,14,24,36,18,"2,277",11,15,27,30,16,"2,279",11,13,33,29,15,"2,276"
R1L,2017,3,6,14,43,34,"2,370",3,7,15,40,35,"2,369",3,10,18,39,30,"2,362",6,13,20,34,26,"2,365",3,4,15,37,42,"2,363",3,6,16,38,36,"2,359",3,5,16,40,36,"2,366",2,6,8,53,30,"2,368",9,20,29,30,11,"2,364",13,22,31,25,9,"2,365",12,17,39,23,9,"2,366"
RV9,2017,5,9,17,43,26,465,6,9,17,40,27,464,6,14,23,35,23,465,9,21,18,34,19,464,3,5,17,40,34,460,5,9,20,37,29,463,5,7,22,37,30,464,2,8,8,57,24,466,15,27,32,21,5,465,20,28,31,17,5,465,17,22,41,17,4,466
RW5,2017,4,6,15,46,28,485,6,6,16,45,27,485,6,12,22,39,21,485,7,15,23,37,17,483,4,4,18,40,34,485,5,6,19,41,29,485,5,6,19,44,27,485,5,11,10,54,20,483,14,26,29,25,5,485,19,30,27,20,4,485,17,21,39,19,4,484
RT5,2017,3,6,13,49,29,"2,228",3,7,14,45,30,"2,228",4,10,19,42,25,"2,224",6,13,22,37,22,"2,225",2,4,15,41,39,"2,219",3,6,18,39,34,"2,217",3,5,17,44,32,"2,222",1,5,8,55,32,"2,227",9,18,30,33,9,"2,229",11,18,31,31,9,"2,229",10,17,38,27,8,"2,227"
RAT,2017,2,4,12,46,36,"3,470",2,6,14,42,36,"3,469",3,9,19,40,30,"3,472",5,12,20,37,26,"3,460",2,3,14,38,43,"3,465",3,5,17,39,37,"3,468",2,4,17,41,36,"3,464",1,3,6,53,37,"3,473",8,16,27,34,14,"3,465",11,19,30,29,12,"3,465",9,15,37,28,11,"3,469"
RTV,2017,2,4,12,49,33,"1,516",2,7,14,43,34,"1,513",2,10,18,42,28,"1,512",5,12,21,37,25,"1,506",2,3,14,38,44,"1,509",2,5,17,39,37,"1,507",2,4,16,42,36,"1,511",2,7,9,52,31,"1,515",8,19,28,34,12,"1,513",10,21,33,27,10,"1,515",9,17,40,24,10,"1,510"
RP1,2017,2,5,14,47,31,"1,590",3,7,15,43,33,"1,587",4,11,20,38,28,"1,589",5,13,23,35,23,"1,588",2,3,17,39,38,"1,592",3,5,19,40,33,"1,592",3,5,18,42,32,"1,588",1,3,7,56,33,"1,593",6,15,30,35,14,"1,593",7,17,32,31,12,"1,591",7,15,37,30,11,"1,593"
RHA,2017,3,6,15,46,30,"3,904",3,8,17,40,32,"3,904",4,10,20,40,26,"3,902",7,14,22,34,23,"3,902",3,4,15,37,42,"3,901",4,6,17,39,35,"3,907",3,5,17,42,33,"3,903",2,6,7,51,34,"3,906",12,23,29,27,9,"3,898",16,24,30,22,7,"3,900",14,20,39,20,7,"3,902"
RNU,2017,3,5,13,48,32,"2,554",3,6,13,43,34,"2,548",3,11,19,40,27,"2,550",5,12,20,39,24,"2,552",2,3,15,39,40,"2,551",3,6,16,41,33,"2,547",3,5,14,44,34,"2,550",2,6,7,53,32,"2,552",9,18,30,33,10,"2,548",11,20,30,30,10,"2,545",9,17,38,28,8,"2,546"
RPG,2017,2,6,13,46,34,"1,350",3,6,14,42,35,"1,355",3,9,19,41,28,"1,351",5,11,22,37,24,"1,348",2,3,13,40,42,"1,347",3,5,18,40,34,"1,345",3,3,17,42,35,"1,344",1,4,6,51,39,"1,347",9,18,30,32,11,"1,337",13,21,30,28,9,"1,341",12,17,36,27,9,"1,338"
RT2,2017,2,5,14,45,34,"1,636",2,7,15,42,35,"1,637",3,9,20,38,30,"1,635",5,12,21,35,27,"1,633",2,3,13,37,45,"1,635",3,5,16,38,38,"1,634",3,4,15,41,37,"1,632",2,6,7,55,29,"1,632",10,20,30,31,9,"1,633",13,20,33,26,8,"1,632",11,17,39,24,7,"1,635"
RXE,2017,3,6,15,46,30,"1,359",3,7,18,42,31,"1,356",3,10,21,38,27,"1,353",5,15,22,34,24,"1,355",3,3,17,39,39,"1,357",4,5,19,40,33,"1,353",3,6,18,42,31,"1,351",1,4,9,52,34,"1,358",10,19,31,30,10,"1,360",13,20,32,26,9,"1,352",11,18,38,24,9,"1,356"
R1C,2017,2,5,12,48,33,"1,860",2,6,14,43,36,"1,858",2,9,20,40,29,"1,855",4,12,21,37,25,"1,857",2,3,15,37,43,"1,857",2,5,16,40,37,"1,856",2,4,17,43,34,"1,857",2,5,8,52,33,"1,858",7,18,30,34,11,"1,854",9,19,32,30,10,"1,856",8,15,38,29,10,"1,852"
RH5,2017,2,5,14,48,30,"1,465",3,8,14,43,31,"1,461",4,11,21,40,24,"1,461",6,13,22,37,21,"1,463",3,3,14,38,40,"1,464",4,6,17,39,34,"1,463",3,5,17,41,32,"1,463",2,7,8,55,28,"1,460",12,21,33,26,8,"1,460",14,23,34,23,7,"1,461",13,19,39,23,7,"1,459"
RXG,2017,3,6,13,47,32,"1,871",4,6,14,43,33,"1,866",4,11,19,39,26,"1,863",6,12,21,38,24,"1,864",3,4,14,37,43,"1,862",4,6,16,38,36,"1,866",3,5,16,40,35,"1,866",2,6,8,51,34,"1,866",11,20,29,31,10,"1,868",14,22,30,26,8,"1,865",13,20,37,24,7,"1,865"
RW1,2017,2,4,14,44,36,"1,999",2,6,13,42,37,"1,997",3,10,17,39,31,"1,995",4,12,20,36,27,"2,001",2,3,13,37,45,"1,996",3,5,15,39,39,"1,997",2,4,15,42,37,"1,999",2,6,9,52,30,"2,002",9,23,30,30,9,"2,001",12,23,32,26,7,"1,999",10,19,39,24,8,"2,000"
R1A,2017,3,6,15,48,29,"1,755",4,7,16,43,30,"1,754",4,11,21,39,25,"1,754",6,13,22,37,21,"1,761",3,4,16,40,38,"1,756",3,6,19,40,32,"1,757",3,5,19,42,32,"1,758",3,7,8,56,27,"1,756",11,20,30,30,9,"1,756",13,23,32,25,7,"1,752",13,19,39,23,7,"1,754"
RYW,2017,3,7,16,42,31,"1,851",5,8,17,39,32,"1,842",5,13,23,34,26,"1,844",7,16,21,32,23,"1,845",3,4,16,36,41,"1,843",4,7,19,35,34,"1,847",4,6,20,37,33,"1,847",3,5,8,51,33,"1,843",10,22,30,27,10,"1,843",13,22,30,26,8,"1,844",12,19,37,24,8,"1,842"
RY2,2017,3,7,14,45,32,"1,229",4,9,15,41,32,"1,232",4,11,22,37,26,"1,231",6,14,21,35,24,"1,235",3,3,13,37,44,"1,226",4,7,18,35,37,"1,232",3,5,17,41,34,"1,233",4,11,10,53,22,"1,233",14,26,31,22,7,"1,232",16,26,33,19,6,"1,230",14,24,41,16,6,"1,232"
RYV,2017,1,4,13,46,37,"1,124",2,5,14,41,38,"1,124",2,8,19,41,30,"1,124",3,11,21,38,26,"1,125",1,3,14,35,48,"1,122",1,4,18,37,41,"1,121",1,3,15,41,39,"1,121",1,2,5,51,41,"1,126",7,17,29,35,13,"1,124",8,17,30,33,12,"1,124",7,13,37,30,11,"1,121"
RYX,2017,3,6,11,43,37,"1,199",3,8,15,38,36,"1,197",5,9,18,39,30,"1,198",7,11,19,35,28,"1,196",3,4,16,34,43,"1,199",4,6,16,37,38,"1,199",4,5,15,38,38,"1,198",2,4,8,52,33,"1,196",10,17,28,33,12,"1,197",11,18,32,28,10,"1,199",11,16,36,26,11,"1,200"
RY8,2017,3,5,15,47,31,"2,383",4,7,15,43,31,"2,384",4,9,20,39,27,"2,377",6,13,22,35,24,"2,382",3,3,16,37,40,"2,380",4,6,18,38,35,"2,379",4,5,17,42,32,"2,383",2,4,7,56,31,"2,386",7,17,30,34,12,"2,380",9,20,31,29,11,"2,377",9,15,37,29,10,"2,378"
R1J,2017,3,7,15,48,27,"1,104",4,9,16,42,29,"1,103",4,14,22,37,23,"1,106",8,15,21,35,20,"1,106",3,4,19,38,37,"1,102",4,6,21,38,31,"1,104",3,7,20,41,30,"1,104",2,5,9,58,27,"1,107",9,21,33,29,8,"1,108",12,24,32,26,6,"1,108",10,21,40,24,6,"1,106"
RY4,2017,2,5,13,49,32,"1,532",3,7,13,44,33,"1,529",3,10,19,41,27,"1,532",5,13,21,38,23,"1,528",2,4,15,38,40,"1,531",3,5,16,41,34,"1,529",3,4,15,46,32,"1,528",1,3,6,57,32,"1,531",7,15,29,38,11,"1,525",10,18,31,31,9,"1,527",9,17,39,28,8,"1,524"
RY9,2017,3,5,15,45,33,673,4,5,15,41,35,673,3,8,20,39,29,671,6,10,25,36,23,672,3,3,20,33,40,670,3,6,21,35,34,672,3,4,19,40,33,671,1,6,11,50,32,673,8,17,30,32,13,670,10,18,34,28,10,670,8,14,39,28,10,671
RYY,2017,2,4,14,48,32,"2,931",3,7,14,42,34,"2,931",3,9,20,39,28,"2,930",6,13,21,36,24,"2,936",2,3,14,40,41,"2,931",3,6,17,39,35,"2,932",3,5,16,43,33,"2,937",1,4,6,56,32,"2,936",9,19,29,33,10,"2,924",13,22,30,27,9,"2,927",12,16,37,27,9,"2,926"
RY6,2017,2,7,16,46,27,"1,479",3,11,17,40,29,"1,476",4,12,24,38,22,"1,475",6,15,23,35,20,"1,475",3,5,18,36,38,"1,477",4,7,18,39,32,"1,475",3,6,19,42,30,"1,474",2,5,6,53,35,"1,477",9,22,27,32,10,"1,478",11,22,28,30,10,"1,475",10,18,36,28,8,"1,477"
RY5,2017,2,6,15,46,31,977,3,8,15,41,32,976,3,11,21,39,26,974,5,13,22,37,23,975,3,5,16,38,38,975,3,7,18,38,34,974,3,6,17,42,33,970,1,5,10,56,28,974,7,18,35,30,10,975,10,22,33,25,11,976,10,16,39,24,10,975
RY1,2017,3,6,16,45,30,769,4,7,17,41,31,772,4,13,23,36,24,774,6,15,24,33,21,770,2,4,14,39,40,772,3,6,20,36,34,772,3,6,22,39,31,771,4,12,16,48,19,771,12,25,31,25,7,771,14,25,33,21,7,772,14,22,40,19,6,769
RY3,2017,2,5,16,49,28,"1,166",4,8,16,44,29,"1,164",5,12,24,37,22,"1,166",6,14,24,37,19,"1,165",2,4,16,39,39,"1,162",3,6,19,39,32,"1,165",3,5,19,44,29,"1,162",2,6,9,56,28,"1,163",10,23,33,27,7,"1,162",13,24,31,26,7,"1,160",10,16,41,26,6,"1,162"
R1D,2017,2,5,16,47,31,721,2,6,16,44,32,721,3,11,20,39,26,719,4,14,22,36,23,721,2,3,16,36,43,718,3,5,17,39,36,719,2,5,17,44,32,719,1,5,10,56,28,718,11,19,29,35,6,719,13,20,31,30,6,722,11,18,39,27,6,722
R1E,2017,3,6,15,47,29,"2,037",3,9,17,41,30,"2,035",3,11,22,39,25,"2,033",6,14,22,35,22,"2,032",2,4,17,39,38,"2,033",3,7,19,38,33,"2,032",3,5,20,41,31,"2,033",3,7,11,54,25,"2,044",10,21,34,26,8,"2,038",13,24,35,21,7,"2,040",12,20,41,21,7,"2,038"
RDR,2017,2,5,12,45,35,"2,295",3,5,15,43,35,"2,290",3,10,20,40,28,"2,288",5,12,21,38,24,"2,288",2,3,15,37,42,"2,289",3,5,16,40,36,"2,293",3,4,15,44,35,"2,291",2,6,8,55,30,"2,294",9,18,31,32,10,"2,295",12,21,31,27,9,"2,288",10,16,40,26,8,"2,280"
RY7,2017,2,5,16,46,32,765,3,8,15,41,33,763,3,11,21,39,27,765,6,13,21,37,22,763,2,3,18,38,39,763,3,7,20,37,33,764,3,5,18,42,31,766,2,6,11,54,27,765,14,22,31,27,7,765,18,23,29,23,8,764,16,19,37,21,7,764
RX9,2017,6,10,24,42,18,"1,194",6,10,19,42,23,"1,192",10,16,24,32,17,"1,194",14,21,26,26,14,"1,192",6,6,20,37,31,"1,192",8,11,24,35,23,"1,189",6,9,27,38,19,"1,192",6,12,10,49,23,"1,194",19,27,28,19,7,"1,188",21,26,28,18,6,"1,188",19,21,36,17,6,"1,190"
RYC,2017,9,14,26,37,15,"1,550",9,11,21,41,18,"1,548",14,23,27,23,13,"1,547",19,25,25,21,10,"1,544",6,6,20,37,30,"1,546",11,12,25,32,20,"1,547",9,10,30,33,17,"1,541",5,10,8,53,24,"1,549",23,26,26,20,5,"1,550",30,25,27,14,4,"1,548",26,23,32,15,4,"1,549"
R1F2,2017,3,7,24,42,24,67,3,10,15,48,24,67,8,15,24,35,18,66,9,19,25,33,13,67,1,7,16,37,37,67,3,10,16,40,30,67,3,4,18,52,22,67,5,18,14,52,12,66,20,23,41,12,5,66,23,24,35,14,5,66,20,14,48,15,3,66
RRU,2017,5,10,24,43,18,"2,599",6,11,17,43,23,"2,599",7,16,22,37,18,"2,596",13,23,26,25,13,"2,592",5,6,19,36,34,"2,595",8,10,23,35,24,"2,595",7,9,25,39,21,"2,594",8,14,10,48,20,"2,601",22,28,26,19,6,"2,600",26,29,25,15,4,"2,600",22,24,33,17,4,"2,599"
RX6,2017,4,9,22,42,24,"1,316",4,8,15,45,28,"1,315",5,13,19,38,26,"1,310",9,17,27,28,19,"1,315",4,4,17,34,41,"1,314",5,7,18,35,34,"1,316",4,6,22,38,30,"1,316",4,11,9,48,27,"1,316",17,27,29,21,5,"1,316",22,30,28,17,3,"1,314",19,24,36,17,4,"1,318"
RX7,2017,8,12,22,40,18,"2,380",7,10,19,42,22,"2,382",10,17,24,31,18,"2,376",14,23,25,24,13,"2,380",6,6,18,37,32,"2,384",9,12,22,34,23,"2,382",7,9,26,36,21,"2,379",3,7,7,51,31,"2,382",19,26,28,21,6,"2,374",28,28,25,14,5,"2,377",24,24,33,16,4,"2,371"
RYE,2017,3,6,17,46,28,"2,017",4,6,14,43,33,"2,015",5,11,21,39,25,"2,014",7,14,25,34,20,"2,014",3,3,15,36,42,"2,012",4,5,17,40,34,"2,013",3,4,20,44,29,"2,014",4,9,10,48,28,"2,012",16,26,29,23,7,"2,012",19,26,29,21,6,"2,013",18,22,32,21,6,"2,011"
RYD,2017,8,12,22,43,16,"1,387",8,11,17,44,21,"1,386",10,19,22,33,15,"1,383",15,22,25,27,11,"1,381",7,6,20,36,32,"1,383",9,11,22,37,22,"1,380",8,9,25,39,19,"1,380",9,15,10,49,17,"1,382",30,30,22,14,3,"1,386",34,28,22,13,3,"1,384",30,26,29,12,3,"1,385"
RYF,2017,6,8,21,42,23,"1,604",6,8,18,42,26,"1,602",8,14,23,35,20,"1,602",12,18,25,30,15,"1,601",5,4,16,38,37,"1,601",6,9,19,37,28,"1,599",6,8,22,39,25,"1,599",4,8,10,53,27,"1,606",18,25,26,25,6,"1,602",22,24,27,21,5,"1,604",21,22,34,19,4,"1,599"
RYA,2017,6,12,27,41,14,"2,226",6,10,22,44,18,"2,227",9,19,29,30,13,"2,223",16,23,28,23,9,"2,226",5,7,24,38,26,"2,225",9,14,26,34,17,"2,225",7,10,32,36,15,"2,222",3,6,8,52,31,"2,223",18,24,29,23,7,"2,225",24,28,29,14,5,"2,223",19,22,38,16,5,"2,223"
RX8,2017,7,13,28,35,16,"1,589",7,13,23,35,21,"1,584",11,19,24,29,17,"1,586",18,21,26,23,13,"1,586",5,6,23,35,30,"1,585",9,12,24,32,23,"1,587",8,9,29,34,20,"1,587",8,16,12,43,20,"1,583",24,29,26,17,4,"1,584",29,29,26,13,3,"1,584",24,23,37,13,3,"1,578"
07M,2017,14,10,20,33,24,51,14,10,16,31,29,51,14,12,20,31,24,51,16,8,33,22,22,51,6,4,24,33,33,51,6,12,24,35,24,51,8,12,24,32,24,50,6,14,12,49,20,51,16,37,18,20,10,51,20,39,27,8,6,51,25,29,29,10,6,51
02P,2017,1,2,8,43,47,105,2,3,9,41,45,104,2,4,7,51,36,105,2,8,14,45,31,105,0,2,10,40,48,105,0,3,14,39,44,105,0,2,8,46,45,105,0,0,4,42,54,106,0,8,19,50,23,105,1,10,29,36,25,104,2,7,27,43,21,106
02Q,2017,5,2,15,51,27,41,5,5,20,37,34,41,5,7,15,44,29,41,5,10,12,44,29,41,5,2,24,39,29,41,7,5,12,46,29,41,5,2,17,44,32,41,2,0,0,34,63,41,7,17,27,29,20,41,2,17,24,39,17,41,7,10,29,37,17,41
06F,2017,2,10,14,52,23,124,2,10,14,45,30,124,3,10,23,40,25,124,7,12,24,34,23,124,2,3,17,40,39,124,3,6,18,38,35,124,4,3,15,43,35,122,3,11,7,55,23,124,10,20,33,31,6,124,11,27,38,19,5,124,12,23,43,18,4,124
07N,2017,2,7,13,47,32,60,3,7,10,43,37,60,2,13,13,45,27,60,8,12,15,38,27,60,2,5,12,45,37,60,0,7,18,47,28,60,2,12,7,47,33,60,3,0,0,49,47,59,2,22,25,32,19,59,3,17,22,39,19,59,3,12,36,27,22,59
02W/02R/02N,2017,1,6,13,49,32,133,2,9,7,47,35,133,2,10,17,44,27,133,3,12,16,44,25,133,0,2,6,44,48,133,1,3,12,44,40,133,0,5,12,45,38,133,0,2,2,36,60,133,3,12,19,50,16,133,5,17,32,34,14,133,4,9,37,37,14,133
09D,2017,2,4,19,45,30,109,6,5,19,41,29,109,6,5,23,42,25,109,6,8,20,46,19,109,5,3,16,40,37,109,5,6,18,39,32,109,3,3,16,45,34,109,2,3,5,53,38,109,1,11,23,48,17,109,6,16,30,35,14,108,5,9,32,38,17,109
07Q,2017,1,4,23,46,26,70,3,4,16,41,36,70,1,10,17,47,24,70,3,9,24,41,24,68,3,3,10,40,44,70,3,6,9,46,37,70,1,4,14,44,36,70,1,3,3,43,50,70,1,14,36,37,11,70,4,13,29,44,10,70,1,11,29,41,17,70
02T,2017,4,6,8,36,46,72,6,6,10,29,50,72,3,7,14,29,47,72,6,13,13,33,36,72,1,1,10,31,57,72,1,4,14,26,54,72,3,3,6,32,57,72,0,4,1,25,69,72,4,8,17,38,33,72,4,14,14,35,33,72,4,10,24,35,28,72
07R,2017,2,2,14,42,39,84,2,7,13,39,38,84,4,8,14,42,32,84,5,13,14,38,30,84,2,1,13,36,48,84,2,4,23,29,43,84,2,4,12,43,39,84,2,4,6,51,37,84,7,17,37,25,14,84,8,20,42,20,10,84,5,12,38,32,13,84
09G,2017,4,9,12,51,25,168,5,10,11,47,28,168,7,13,19,43,18,168,10,11,21,40,17,168,4,1,24,32,39,168,4,4,20,42,30,168,4,4,17,46,30,168,2,7,8,54,29,168,20,26,29,21,4,168,22,30,25,20,4,168,15,28,37,16,4,168
09X/09H,2017,5,4,17,51,23,78,5,6,12,46,31,78,6,13,13,45,23,78,5,18,22,35,21,78,5,5,10,44,36,78,5,5,18,38,33,78,4,3,15,44,35,78,1,4,1,54,40,78,8,17,32,37,6,78,9,29,31,24,6,78,6,19,44,27,4,78
07V,2017,0,11,11,41,37,54,4,7,9,37,43,54,6,13,11,39,31,54,4,4,17,44,31,54,2,2,13,41,43,54,4,6,13,37,41,54,2,7,15,39,37,54,0,0,2,52,46,54,0,13,33,39,15,54,4,19,41,26,11,54,4,9,35,44,7,54
01H,2017,0,5,8,41,46,61,0,2,10,41,48,61,0,5,10,48,38,61,0,7,13,46,34,61,0,2,10,33,56,61,0,3,8,41,48,61,0,0,8,41,51,61,0,2,2,51,46,61,0,10,26,54,10,61,2,11,33,46,8,61,0,8,25,54,13,61
09J,2017,6,8,8,44,34,50,4,4,18,36,38,50,0,20,16,40,24,50,0,24,16,38,22,50,0,6,12,40,42,50,2,6,20,32,40,50,2,12,10,36,40,50,0,2,4,50,44,50,10,24,30,32,4,50,10,22,38,28,2,50,6,10,42,40,2,50
02X,2017,3,3,13,52,29,124,5,6,12,44,33,124,5,7,15,41,31,123,8,9,16,35,32,124,2,4,14,34,46,124,6,6,15,36,37,124,6,3,15,41,35,124,0,1,6,42,52,124,5,14,23,44,14,124,7,17,30,33,13,122,6,10,36,35,13,124
11J,2017,6,5,14,49,27,272,5,7,13,45,30,272,6,13,18,35,28,271,7,18,14,37,23,272,4,3,9,43,41,271,4,6,11,43,35,272,4,4,18,42,31,272,0,3,3,51,43,272,8,25,28,35,4,272,11,25,28,31,6,272,10,17,28,40,6,272
00D,2017,3,7,7,40,43,30,0,3,10,40,47,30,0,13,10,37,40,30,3,3,10,43,40,30,0,0,10,33,57,30,0,0,10,40,50,30,0,0,10,40,50,30,0,0,0,17,83,30,0,10,23,30,37,30,3,13,20,47,17,30,3,17,17,50,13,30
06K,2017,4,9,17,39,29,180,4,8,16,37,34,180,4,14,20,34,28,180,6,13,16,40,26,180,2,3,11,34,49,180,2,7,19,31,40,180,3,4,18,37,37,180,1,4,4,43,49,181,8,20,33,33,7,181,10,24,33,28,4,181,8,19,37,31,6,180
03W,2017,0,7,20,50,23,82,0,6,15,46,33,82,0,11,27,38,24,82,0,11,21,37,32,82,0,5,15,39,41,82,1,7,12,40,39,82,0,7,22,36,35,81,0,1,1,43,54,81,6,17,23,39,15,82,9,26,27,26,13,82,2,18,34,30,15,82
09F/09P,2017,3,7,10,51,29,142,0,6,12,47,35,142,1,8,18,44,29,143,6,13,15,39,27,142,1,1,12,38,48,143,2,5,12,41,40,143,1,4,15,39,41,143,0,0,3,47,50,143,1,19,27,42,11,142,6,20,29,34,11,143,6,15,31,37,11,143
07X,2017,12,8,10,43,27,60,7,12,13,42,27,60,13,12,17,33,25,60,10,10,18,38,23,60,8,8,10,37,37,60,10,7,18,30,35,60,8,8,17,38,28,60,3,5,12,57,23,60,22,27,22,27,3,60,23,28,25,20,3,60,17,18,45,15,5,60
02M,2017,0,6,18,37,39,51,2,2,18,37,41,51,0,6,14,43,37,51,4,6,20,31,39,51,0,0,6,35,59,51,0,0,14,40,46,50,0,0,18,37,45,51,0,0,0,24,76,51,0,0,18,43,39,51,0,8,27,37,27,51,2,2,27,43,25,51
08A,2017,2,7,28,42,21,57,4,11,23,44,19,57,5,18,16,46,16,57,7,11,23,42,18,57,2,5,12,54,26,57,5,5,19,44,26,57,5,9,19,40,26,57,0,5,4,42,49,57,14,14,30,32,11,57,11,21,28,28,12,57,18,14,38,21,9,56
08D,2017,6,11,13,40,30,47,11,6,11,32,40,47,13,4,13,38,32,47,11,4,9,45,32,47,9,4,13,28,47,47,7,7,24,28,35,46,9,4,19,34,34,47,0,6,6,51,36,47,11,17,23,34,15,47,9,19,23,36,13,47,9,13,38,28,13,47
06N,2017,4,5,8,50,32,130,5,5,15,43,33,129,7,7,17,41,28,130,7,10,16,43,24,130,4,5,12,42,38,130,6,6,11,46,31,130,6,3,12,45,33,130,2,2,5,50,42,130,4,17,25,40,14,130,3,19,29,37,12,130,5,10,41,34,10,128
99K,2017,0,9,9,47,34,53,0,6,9,47,38,53,0,6,15,47,32,53,0,9,11,47,32,53,0,6,15,30,49,53,0,9,11,36,43,53,0,2,9,43,45,53,0,0,2,45,53,53,0,8,15,60,17,53,0,4,23,57,17,53,0,2,36,47,15,53
08H,2017,7,7,18,32,36,44,5,14,11,36,34,44,7,11,18,27,36,44,9,16,11,34,30,44,5,2,18,36,39,44,7,5,16,32,41,44,9,2,14,39,36,44,5,9,5,32,50,44,11,14,16,43,16,44,14,11,23,39,14,44,16,7,34,32,11,44
11N,2017,4,5,17,44,29,189,5,9,15,39,31,190,5,12,16,40,26,189,7,11,24,36,22,189,4,3,16,36,42,190,3,6,18,43,30,190,4,6,14,46,31,190,2,8,7,53,30,190,8,23,28,34,7,190,11,26,27,31,6,190,9,21,38,29,3,190
08J,2017,3,3,24,52,17,29,0,14,14,52,21,29,0,14,34,34,17,29,3,10,24,45,17,29,0,0,14,52,34,29,3,7,21,45,24,29,3,3,28,45,21,29,0,0,3,48,48,29,3,10,34,41,10,29,3,7,28,52,10,29,3,10,52,28,7,29
08K,2017,2,9,18,52,20,56,4,5,18,50,23,56,2,18,13,46,21,56,7,5,20,45,23,56,2,2,5,48,43,56,5,4,7,46,38,56,4,2,14,50,30,56,0,0,2,40,58,57,2,9,23,46,21,57,4,11,21,42,23,57,4,11,32,35,19,57
08L,2017,2,8,10,57,24,51,0,10,16,43,31,51,4,10,24,37,25,51,4,14,16,45,22,51,2,2,14,37,45,51,2,4,12,45,37,51,4,2,14,51,29,51,2,0,4,44,50,52,13,25,19,37,6,52,12,25,31,23,10,52,13,12,42,27,6,52
04D,2017,0,2,2,27,68,44,0,2,7,22,69,45,0,2,9,38,51,45,0,4,7,36,53,45,0,2,2,18,77,44,0,2,5,27,66,44,0,0,2,31,67,45,0,0,2,23,75,44,2,14,27,39,18,44,2,18,14,39,27,44,0,7,34,39,20,44
99A,2017,3,3,17,38,39,135,2,3,9,43,43,134,3,8,16,37,36,135,4,7,16,39,33,135,1,1,8,36,54,134,1,3,13,35,48,135,1,3,16,36,44,135,1,4,4,38,54,135,3,11,19,45,22,135,2,16,24,41,18,135,2,5,24,47,21,135
06P,2017,2,4,4,59,31,49,0,14,8,45,33,49,4,10,14,47,24,49,4,16,14,37,29,49,4,10,14,37,35,49,2,17,8,42,31,48,0,6,12,45,37,49,0,0,4,43,53,49,2,12,31,39,16,49,2,19,27,38,15,48,0,16,41,24,18,49
09W,2017,0,1,11,47,40,70,0,6,13,37,44,70,1,0,21,44,33,70,0,3,20,42,35,69,0,0,11,36,53,70,0,0,19,39,43,70,0,1,9,46,44,70,1,4,6,40,49,70,6,14,17,34,29,70,6,14,30,29,21,70,4,9,40,27,20,70
08R,2017,4,4,24,48,20,25,4,4,20,52,20,25,4,8,28,40,20,25,4,4,17,46,29,24,0,4,20,48,28,25,0,0,42,29,29,24,0,12,16,52,20,25,0,4,16,44,36,25,0,12,40,36,12,25,0,12,40,40,8,25,8,4,52,28,8,25
06Q,2017,0,5,10,45,40,100,0,7,10,39,44,100,0,12,16,36,36,100,0,14,14,36,36,100,0,2,7,40,51,100,0,7,14,37,42,100,0,6,11,41,42,100,0,1,0,46,53,100,5,9,28,46,12,100,6,15,29,37,13,100,2,14,33,39,12,100
04F,2017,1,5,8,53,32,77,1,3,9,46,41,76,3,6,10,53,27,77,3,5,13,43,36,77,1,0,8,43,48,77,0,0,22,40,38,77,0,5,14,44,36,77,1,3,3,34,60,77,4,6,8,55,27,77,3,10,21,44,22,77,0,8,21,51,20,76
04G,2017,5,15,15,44,22,87,7,11,20,43,20,87,6,23,22,32,17,87,8,23,20,35,14,86,1,10,22,33,33,87,6,10,22,36,26,87,5,14,14,47,21,87,5,6,8,53,29,87,20,36,32,8,5,87,17,46,22,9,6,87,17,34,30,13,6,87
00J,2017,0,3,13,46,38,39,0,5,10,46,38,39,0,10,15,49,26,39,0,5,15,38,41,39,0,0,3,31,67,39,3,5,5,31,56,39,3,0,13,44,41,39,0,0,3,44,54,39,3,13,21,50,13,38,3,15,21,49,13,39,3,13,33,38,13,39
06T,2017,1,5,20,43,31,112,3,7,12,44,35,112,4,9,21,46,21,112,3,11,18,46,23,112,2,1,16,36,46,112,2,4,16,43,35,112,4,4,16,43,33,112,0,0,2,43,55,112,3,9,22,52,14,112,4,7,24,51,14,112,3,5,23,55,14,111
03J,2017,0,5,11,45,39,66,0,3,9,44,44,66,0,6,14,45,35,66,0,9,18,35,37,65,0,0,11,36,53,66,0,0,18,32,50,66,0,2,8,39,52,66,2,3,2,41,53,66,3,11,24,41,21,66,3,11,33,41,12,66,3,14,30,41,12,66
09Y,2017,3,4,24,46,24,76,4,4,17,46,29,76,3,12,25,45,16,76,5,11,21,37,26,76,1,1,17,37,43,76,1,7,24,32,36,75,1,8,17,34,39,76,1,1,3,43,51,76,1,12,29,47,11,76,3,17,26,43,11,76,1,11,38,39,11,76
99P,2017,1,7,15,45,32,313,3,7,10,43,37,313,3,11,17,41,29,313,3,13,18,42,24,312,1,2,12,40,46,312,1,4,12,43,39,313,1,3,13,46,36,313,2,8,7,49,35,313,11,24,24,33,8,313,15,23,28,26,7,313,10,19,35,28,7,313
05J/05T/06D,2017,4,9,9,43,36,138,4,9,11,39,37,139,9,11,18,38,24,139,9,6,22,36,27,139,4,2,14,33,46,138,4,6,16,39,35,138,4,5,12,43,35,139,0,1,1,42,55,137,5,19,19,37,20,138,7,21,22,30,19,139,7,22,22,33,16,138
08P,2017,0,3,9,57,31,35,0,11,3,54,31,35,0,9,20,43,29,35,0,17,20,37,26,35,0,3,9,53,35,34,3,6,17,34,40,35,3,6,14,46,31,35,0,0,0,57,43,35,9,23,31,29,9,35,9,17,46,20,9,35,9,12,47,26,6,34
03L,2017,0,2,8,46,44,90,0,2,7,46,46,90,0,1,11,49,38,89,0,2,14,46,38,90,1,1,6,34,58,90,0,1,8,36,56,90,0,1,9,39,51,89,0,1,2,31,66,91,2,7,12,39,40,90,4,5,20,36,34,91,1,7,19,44,30,91
01G,2017,1,2,10,46,41,123,1,1,16,40,42,123,1,2,18,41,37,123,2,6,15,41,37,123,1,1,13,31,54,122,1,1,14,41,43,123,1,1,7,47,44,123,1,2,0,32,66,123,2,3,15,44,37,123,3,3,23,44,27,123,2,4,24,45,25,123
03N,2017,1,3,12,42,42,230,1,7,12,38,43,229,2,7,14,40,37,229,3,7,14,44,31,229,1,3,10,32,53,229,2,4,11,35,47,228,1,3,14,38,45,229,3,4,5,49,39,228,8,19,25,38,10,229,9,21,28,34,7,229,7,11,38,36,8,229
01T/01V,2017,0,0,16,43,41,88,0,2,14,44,40,88,0,3,23,45,28,88,1,1,30,41,26,87,0,1,6,44,49,88,1,0,16,42,41,88,0,0,13,44,43,88,0,0,6,39,56,88,2,10,31,40,17,88,2,8,32,44,14,88,3,5,41,38,14,88
05R,2017,0,8,14,46,32,37,0,5,8,41,46,37,0,8,11,54,27,37,0,8,25,36,31,36,3,0,16,35,46,37,0,3,19,38,41,37,0,8,11,41,41,37,0,0,3,24,73,37,11,32,19,27,11,37,8,24,35,27,5,37,8,24,35,30,3,37
04Q/99D,2017,0,2,10,54,34,61,0,5,10,39,46,61,2,8,10,48,33,61,2,7,23,36,33,61,0,2,11,33,54,61,0,5,11,38,46,61,2,2,8,41,48,61,0,0,0,32,68,60,2,11,18,38,31,61,3,10,30,33,25,61,2,7,33,45,13,60
10X,2017,0,2,14,47,37,92,0,3,12,46,39,92,0,7,21,41,32,91,1,8,20,40,32,92,0,2,13,38,47,92,0,2,16,43,38,92,0,2,14,42,41,92,0,1,0,36,63,91,1,8,15,47,29,91,3,8,17,47,26,90,1,5,27,45,21,91
08Q,2017,7,14,7,45,28,58,7,3,7,52,31,58,9,14,26,31,21,58,9,21,16,33,22,58,7,2,14,38,40,58,7,5,12,48,28,58,5,5,9,53,28,58,2,5,3,31,59,58,5,17,16,52,10,58,7,12,26,43,12,58,5,9,40,36,10,58
01X,2017,1,0,7,43,49,68,1,0,7,38,53,68,1,1,15,37,46,68,3,7,12,32,46,68,1,0,13,35,50,68,1,0,15,34,49,67,1,0,15,34,49,67,0,0,3,40,57,68,0,3,12,56,29,68,3,9,22,46,21,68,0,6,34,46,15,68
00P,2017,1,4,5,41,49,81,1,1,2,43,52,81,1,1,10,38,49,81,1,4,7,46,42,81,0,0,9,33,58,81,1,0,7,38,53,81,1,0,6,40,53,80,0,0,1,27,72,82,1,7,15,39,38,82,2,10,17,35,35,82,1,6,21,38,34,82
10C,2017,0,7,17,27,50,30,0,0,17,27,57,30,0,7,13,23,57,30,0,10,17,23,50,30,0,10,10,20,60,30,0,7,7,30,57,30,0,7,7,27,60,30,0,0,0,23,77,30,0,0,3,53,43,30,0,3,3,37,57,30,3,3,7,40,47,30
08T,2017,7,0,15,52,26,46,7,2,11,49,31,45,2,2,28,39,28,46,9,4,15,46,26,46,4,0,4,50,41,46,4,0,9,43,43,46,2,0,13,43,41,46,2,0,0,61,37,46,2,7,22,52,17,46,2,4,30,50,13,46,2,4,37,46,11,46
10D,2017,5,10,10,51,24,59,3,7,12,42,36,59,2,20,19,32,27,59,7,8,14,47,24,59,3,2,12,37,46,59,5,2,17,41,36,59,3,3,14,44,36,59,0,2,3,45,50,60,12,20,22,33,13,60,20,12,27,32,10,60,17,8,40,27,8,60
08V,2017,2,5,14,39,41,64,0,6,17,31,45,64,2,6,8,47,38,64,6,8,14,34,38,64,2,5,14,36,44,64,2,8,11,36,44,64,3,6,11,31,48,64,0,2,0,38,60,65,2,14,15,43,26,65,5,6,28,38,23,65,3,9,28,40,20,65
03R,2017,3,4,19,36,38,128,2,9,18,33,38,128,2,12,20,37,30,128,8,13,17,31,30,128,1,4,11,38,47,128,2,4,20,35,40,128,2,6,16,36,40,127,2,4,5,44,45,128,8,25,23,34,11,128,11,23,30,27,9,128,12,14,38,27,9,128
08W,2017,2,9,15,52,22,46,2,13,11,50,24,46,7,4,22,43,24,46,7,7,24,35,28,46,4,2,17,35,41,46,7,4,22,33,35,46,7,4,13,39,37,46,0,0,0,33,67,46,4,17,20,37,22,46,9,20,33,24,15,46,13,17,26,28,15,46
08X,2017,4,10,20,30,35,69,4,4,14,42,35,69,3,12,36,22,28,69,7,13,16,39,25,69,3,3,19,35,41,69,4,7,23,32,33,69,3,4,28,32,33,69,4,7,4,57,28,69,9,38,20,25,9,69,10,30,30,22,7,69,14,20,43,16,6,69
07H,2017,3,13,7,47,30,92,4,10,14,37,35,93,3,18,14,41,24,93,8,17,11,39,25,92,4,7,12,35,42,92,4,10,13,40,33,93,5,10,12,43,30,93,0,2,4,48,46,92,10,20,26,37,8,92,12,19,30,35,4,91,16,22,32,25,5,92
11A,2017,2,5,12,46,34,185,4,5,13,41,37,185,4,11,17,37,31,185,5,12,14,45,24,185,3,4,14,38,42,185,3,6,11,42,37,185,2,5,13,44,36,185,1,3,6,48,42,185,7,21,22,40,10,184,9,18,30,32,11,185,8,14,33,36,9,183
99J,2017,9,7,18,51,15,67,6,6,13,57,18,67,6,10,25,46,12,67,10,12,30,36,12,67,4,1,24,36,34,67,6,9,18,40,27,67,6,4,18,49,22,67,1,1,1,51,45,67,7,27,30,31,4,67,15,24,30,27,4,67,10,21,42,24,3,67
04V,2017,1,1,11,50,36,70,0,4,13,47,36,70,1,7,16,47,29,70,0,9,11,54,26,70,0,3,10,44,43,70,0,4,13,46,37,70,1,4,16,51,27,70,1,1,1,36,60,70,3,13,24,46,14,70,4,20,29,36,11,70,3,16,29,43,10,70
02H,2017,1,3,11,42,43,124,1,3,10,46,40,124,2,5,12,48,33,124,2,7,23,35,32,124,0,1,13,36,50,124,2,5,12,36,45,124,1,2,14,43,41,124,0,2,3,40,54,123,6,21,25,42,6,124,8,23,31,35,4,124,5,18,40,33,4,124